candidate,domain,language_scope,tasks,disorders,evidence_level,status,feature_keys,reference,reason
artic_consonant_duration_mean_s,articulation,language_sensitive,connected_speech,als|ataxia|cbs|hd|mnd|ms|msa|pd|pdd|psp,derived_companion,implemented,artic_consonant_duration_mean_s,Neurodegenerative speech feature expansion v1,
artic_consonant_duration_sd_s,articulation,language_sensitive,connected_speech,als|ataxia|cbs|hd|mnd|ms|msa|pd|pdd|psp,derived_companion,implemented,artic_consonant_duration_sd_s,Neurodegenerative speech feature expansion v1,
artic_f1_within_vowel_sd_hz,articulation,language_sensitive,connected_speech,als|ataxia|cbs|hd|mnd|ms|msa|pd|pdd|psp,derived_companion,implemented,artic_f1_within_vowel_sd_hz,Neurodegenerative speech feature expansion v1,
artic_f2_within_vowel_sd_hz,articulation,language_sensitive,connected_speech,als|ataxia|cbs|hd|mnd|ms|msa|pd|pdd|psp,derived_companion,implemented,artic_f2_within_vowel_sd_hz,Neurodegenerative speech feature expansion v1,
artic_formant_centralization_ratio,articulation,language_sensitive,connected_speech,als|ataxia|cbs|hd|mnd|ms|msa|pd|pdd|psp,derived_companion,implemented,artic_formant_centralization_ratio,Neurodegenerative speech feature expansion v1,
artic_formant_transition_slope_mean_hz_s,articulation,language_sensitive,connected_speech,als|ataxia|cbs|hd|mnd|ms|msa|pd|pdd|psp,derived_companion,implemented,artic_formant_transition_slope_mean_hz_s,Neurodegenerative speech feature expansion v1,
artic_fricative_m1_mean,articulation,language_sensitive,connected_speech,als|ataxia|cbs|hd|mnd|ms|msa|pd|pdd|psp,derived_companion,implemented,artic_fricative_m1_mean,Neurodegenerative speech feature expansion v1,
artic_fricative_m2_mean,articulation,language_sensitive,connected_speech,als|ataxia|cbs|hd|mnd|ms|msa|pd|pdd|psp,derived_companion,implemented,artic_fricative_m2_mean,Neurodegenerative speech feature expansion v1,
artic_fricative_m3_mean,articulation,language_sensitive,connected_speech,als|ataxia|cbs|hd|mnd|ms|msa|pd|pdd|psp,derived_companion,implemented,artic_fricative_m3_mean,Neurodegenerative speech feature expansion v1,
artic_fricative_m4_mean,articulation,language_sensitive,connected_speech,als|ataxia|cbs|hd|mnd|ms|msa|pd|pdd|psp,derived_companion,implemented,artic_fricative_m4_mean,Neurodegenerative speech feature expansion v1,
artic_resonance_attenuation_mean_db,articulation,language_sensitive,connected_speech,als|ataxia|cbs|hd|mnd|ms|msa|pd|pdd|psp,derived_companion,implemented,artic_resonance_attenuation_mean_db,Neurodegenerative speech feature expansion v1,
artic_stop_gap_mean_s,articulation,language_sensitive,connected_speech,als|ataxia|cbs|hd|mnd|ms|msa|pd|pdd|psp,derived_companion,implemented,artic_stop_gap_mean_s,Neurodegenerative speech feature expansion v1,
artic_stop_gap_sd_s,articulation,language_sensitive,connected_speech,als|ataxia|cbs|hd|mnd|ms|msa|pd|pdd|psp,derived_companion,implemented,artic_stop_gap_sd_s,Neurodegenerative speech feature expansion v1,
artic_vot_mean_s,articulation,language_sensitive,connected_speech,als|ataxia|cbs|hd|mnd|ms|msa|pd|pdd|psp,derived_companion,implemented,artic_vot_mean_s,Neurodegenerative speech feature expansion v1,
artic_vot_sd_s,articulation,language_sensitive,connected_speech,als|ataxia|cbs|hd|mnd|ms|msa|pd|pdd|psp,derived_companion,implemented,artic_vot_sd_s,Neurodegenerative speech feature expansion v1,
artic_vowel_articulation_index,articulation,language_sensitive,connected_speech,als|ataxia|cbs|hd|mnd|ms|msa|pd|pdd|psp,derived_companion,implemented,artic_vowel_articulation_index,Neurodegenerative speech feature expansion v1,
artic_vowel_dispersion_mean_hz,articulation,language_sensitive,connected_speech,als|ataxia|cbs|hd|mnd|ms|msa|pd|pdd|psp,derived_companion,implemented,artic_vowel_dispersion_mean_hz,Neurodegenerative speech feature expansion v1,
artic_vowel_dispersion_sd_hz,articulation,language_sensitive,connected_speech,als|ataxia|cbs|hd|mnd|ms|msa|pd|pdd|psp,derived_companion,implemented,artic_vowel_dispersion_sd_hz,Neurodegenerative speech feature expansion v1,
artic_vowel_space_area_hz2,articulation,language_sensitive,connected_speech,als|ataxia|cbs|hd|mnd|ms|msa|pd|pdd|psp,derived_companion,implemented,artic_vowel_space_area_hz2,Neurodegenerative speech feature expansion v1,
egemaps_f1amplitudelogrelf0_sma3nz_amean,articulation,language_sensitive,connected_speech|sustained_vowel,,standard_feature_set,optional,egemaps_f1amplitudelogrelf0_sma3nz_amean,https://doi.org/10.1109/TAFFC.2015.2457417,
egemaps_f1amplitudelogrelf0_sma3nz_stddevnorm,articulation,language_sensitive,connected_speech|sustained_vowel,,standard_feature_set,optional,egemaps_f1amplitudelogrelf0_sma3nz_stddevnorm,https://doi.org/10.1109/TAFFC.2015.2457417,
egemaps_f1bandwidth_sma3nz_amean,articulation,language_sensitive,connected_speech|sustained_vowel,,standard_feature_set,optional,egemaps_f1bandwidth_sma3nz_amean,https://doi.org/10.1109/TAFFC.2015.2457417,
egemaps_f1bandwidth_sma3nz_stddevnorm,articulation,language_sensitive,connected_speech|sustained_vowel,,standard_feature_set,optional,egemaps_f1bandwidth_sma3nz_stddevnorm,https://doi.org/10.1109/TAFFC.2015.2457417,
egemaps_f1frequency_sma3nz_amean,articulation,language_sensitive,connected_speech|sustained_vowel,,standard_feature_set,optional,egemaps_f1frequency_sma3nz_amean,https://doi.org/10.1109/TAFFC.2015.2457417,
egemaps_f1frequency_sma3nz_stddevnorm,articulation,language_sensitive,connected_speech|sustained_vowel,,standard_feature_set,optional,egemaps_f1frequency_sma3nz_stddevnorm,https://doi.org/10.1109/TAFFC.2015.2457417,
egemaps_f2amplitudelogrelf0_sma3nz_amean,articulation,language_sensitive,connected_speech|sustained_vowel,,standard_feature_set,optional,egemaps_f2amplitudelogrelf0_sma3nz_amean,https://doi.org/10.1109/TAFFC.2015.2457417,
egemaps_f2amplitudelogrelf0_sma3nz_stddevnorm,articulation,language_sensitive,connected_speech|sustained_vowel,,standard_feature_set,optional,egemaps_f2amplitudelogrelf0_sma3nz_stddevnorm,https://doi.org/10.1109/TAFFC.2015.2457417,
egemaps_f2bandwidth_sma3nz_amean,articulation,language_sensitive,connected_speech|sustained_vowel,,standard_feature_set,optional,egemaps_f2bandwidth_sma3nz_amean,https://doi.org/10.1109/TAFFC.2015.2457417,
egemaps_f2bandwidth_sma3nz_stddevnorm,articulation,language_sensitive,connected_speech|sustained_vowel,,standard_feature_set,optional,egemaps_f2bandwidth_sma3nz_stddevnorm,https://doi.org/10.1109/TAFFC.2015.2457417,
egemaps_f2frequency_sma3nz_amean,articulation,language_sensitive,connected_speech|sustained_vowel,,standard_feature_set,optional,egemaps_f2frequency_sma3nz_amean,https://doi.org/10.1109/TAFFC.2015.2457417,
egemaps_f2frequency_sma3nz_stddevnorm,articulation,language_sensitive,connected_speech|sustained_vowel,,standard_feature_set,optional,egemaps_f2frequency_sma3nz_stddevnorm,https://doi.org/10.1109/TAFFC.2015.2457417,
egemaps_f3amplitudelogrelf0_sma3nz_amean,articulation,language_sensitive,connected_speech|sustained_vowel,,standard_feature_set,optional,egemaps_f3amplitudelogrelf0_sma3nz_amean,https://doi.org/10.1109/TAFFC.2015.2457417,
egemaps_f3amplitudelogrelf0_sma3nz_stddevnorm,articulation,language_sensitive,connected_speech|sustained_vowel,,standard_feature_set,optional,egemaps_f3amplitudelogrelf0_sma3nz_stddevnorm,https://doi.org/10.1109/TAFFC.2015.2457417,
egemaps_f3bandwidth_sma3nz_amean,articulation,language_sensitive,connected_speech|sustained_vowel,,standard_feature_set,optional,egemaps_f3bandwidth_sma3nz_amean,https://doi.org/10.1109/TAFFC.2015.2457417,
egemaps_f3bandwidth_sma3nz_stddevnorm,articulation,language_sensitive,connected_speech|sustained_vowel,,standard_feature_set,optional,egemaps_f3bandwidth_sma3nz_stddevnorm,https://doi.org/10.1109/TAFFC.2015.2457417,
egemaps_f3frequency_sma3nz_amean,articulation,language_sensitive,connected_speech|sustained_vowel,,standard_feature_set,optional,egemaps_f3frequency_sma3nz_amean,https://doi.org/10.1109/TAFFC.2015.2457417,
egemaps_f3frequency_sma3nz_stddevnorm,articulation,language_sensitive,connected_speech|sustained_vowel,,standard_feature_set,optional,egemaps_f3frequency_sma3nz_stddevnorm,https://doi.org/10.1109/TAFFC.2015.2457417,
audio_clipping_ratio,audio_quality,language_independent,connected_speech,ad|mci,derived_companion,implemented,audio_clipping_ratio,SAY catalog v1,
audio_dc_offset,audio_quality,language_independent,connected_speech,ad|mci,derived_companion,implemented,audio_dc_offset,SAY catalog v1,
audio_duration_s,audio_quality,language_independent,connected_speech,ad|mci,derived_companion,implemented,audio_duration_s,SAY catalog v1,
audio_rms_dbfs,audio_quality,language_independent,connected_speech,ad|mci,derived_companion,implemented,audio_rms_dbfs,SAY catalog v1,
calibrated absolute loudness without calibration,audio_quality,language_independent,connected_speech,,derived_companion,deferred,,docs/research/neurodegenerative-speech-feature-sources.md,absolute loudness is not reproducible without recording-chain calibration
features lacking a reproducible source formula,audio_quality,language_independent,,,derived_companion,deferred,,docs/research/neurodegenerative-speech-feature-sources.md,a reviewed reproducible formula is required before implementation
discourse_causal_cohesion_ratio,discourse,language_sensitive,,,derived_companion,implemented,discourse_causal_cohesion_ratio,SAY catalog v1,
discourse_content_accuracy_ratio,discourse,language_sensitive,,,derived_companion,implemented,discourse_content_accuracy_ratio,SAY catalog v1,
discourse_correct_pronoun_ratio,discourse,language_sensitive,,,derived_companion,implemented,discourse_correct_pronoun_ratio,SAY catalog v1,
discourse_examiner_prompt_ratio,discourse,language_sensitive,connected_speech,ad|als|cbs|dlb|ftd|hd|mci|pd|pdd|ppa,derived_companion,implemented,discourse_examiner_prompt_ratio,SAY catalog v1,
discourse_global_coherence_ratio,discourse,language_sensitive,,,derived_companion,implemented,discourse_global_coherence_ratio,SAY catalog v1,
discourse_information_efficiency_per_min,discourse,language_sensitive,,,derived_companion,implemented,discourse_information_efficiency_per_min,SAY catalog v1,
discourse_information_unit_count,discourse,language_sensitive,,,derived_companion,implemented,discourse_information_unit_count,SAY catalog v1,
discourse_irrelevant_detail_ratio,discourse,language_sensitive,,,derived_companion,implemented,discourse_irrelevant_detail_ratio,SAY catalog v1,
discourse_local_lexical_coherence,discourse,language_sensitive,,,derived_companion,implemented,discourse_local_lexical_coherence,SAY catalog v1,
discourse_macroproposition_count,discourse,language_sensitive,,,derived_companion,implemented,discourse_macroproposition_count,SAY catalog v1,
discourse_marker_ratio,discourse,language_sensitive,,,derived_companion,implemented,discourse_marker_ratio,SAY catalog v1,
discourse_microproposition_count,discourse,language_sensitive,,,derived_companion,implemented,discourse_microproposition_count,SAY catalog v1,
discourse_overlap_ratio,discourse,language_sensitive,connected_speech,ad|als|cbs|dlb|ftd|hd|mci|pd|pdd|ppa,derived_companion,implemented,discourse_overlap_ratio,SAY catalog v1,
discourse_overlap_s,discourse,language_sensitive,connected_speech,ad|als|cbs|dlb|ftd|hd|mci|pd|pdd|ppa,derived_companion,implemented,discourse_overlap_s,SAY catalog v1,
discourse_referential_cohesion_ratio,discourse,language_sensitive,,,derived_companion,implemented,discourse_referential_cohesion_ratio,SAY catalog v1,
discourse_relevant_detail_ratio,discourse,language_sensitive,,,derived_companion,implemented,discourse_relevant_detail_ratio,SAY catalog v1,
discourse_response_latency_mean_s,discourse,language_sensitive,connected_speech,ad|als|cbs|dlb|ftd|hd|mci|pd|pdd|ppa,derived_companion,implemented,discourse_response_latency_mean_s,SAY catalog v1,
discourse_response_latency_s,discourse,language_sensitive,connected_speech,ad|als|cbs|dlb|ftd|hd|mci|pd|pdd|ppa,derived_companion,implemented,discourse_response_latency_s,SAY catalog v1,
discourse_response_latency_sd_s,discourse,language_sensitive,connected_speech,ad|als|cbs|dlb|ftd|hd|mci|pd|pdd|ppa,derived_companion,implemented,discourse_response_latency_sd_s,SAY catalog v1,
discourse_temporal_cohesion_ratio,discourse,language_sensitive,,,derived_companion,implemented,discourse_temporal_cohesion_ratio,SAY catalog v1,
discourse_topic_maintenance_ratio,discourse,language_sensitive,,,derived_companion,implemented,discourse_topic_maintenance_ratio,SAY catalog v1,
discourse_turn_count,discourse,language_sensitive,connected_speech,ad|als|cbs|dlb|ftd|hd|mci|pd|pdd|ppa,derived_companion,implemented,discourse_turn_count,SAY catalog v1,
discourse_turn_length_mean_syllables,discourse,language_sensitive,connected_speech,ad|als|cbs|dlb|ftd|hd|mci|pd|pdd|ppa,derived_companion,implemented,discourse_turn_length_mean_syllables,SAY catalog v1,
discourse_turn_length_mean_words,discourse,language_sensitive,connected_speech,ad|als|cbs|dlb|ftd|hd|mci|pd|pdd|ppa,derived_companion,implemented,discourse_turn_length_mean_words,SAY catalog v1,
discourse_turn_length_sd_syllables,discourse,language_sensitive,connected_speech,ad|als|cbs|dlb|ftd|hd|mci|pd|pdd|ppa,derived_companion,implemented,discourse_turn_length_sd_syllables,SAY catalog v1,
discourse_turn_length_sd_words,discourse,language_sensitive,connected_speech,ad|als|cbs|dlb|ftd|hd|mci|pd|pdd|ppa,derived_companion,implemented,discourse_turn_length_sd_words,SAY catalog v1,
discourse_turn_overlap_s,discourse,language_sensitive,connected_speech,ad|als|cbs|dlb|ftd|hd|mci|pd|pdd|ppa,derived_companion,implemented,discourse_turn_overlap_s,SAY catalog v1,
discourse_turn_syllable_count,discourse,language_sensitive,connected_speech,ad|als|cbs|dlb|ftd|hd|mci|pd|pdd|ppa,derived_companion,implemented,discourse_turn_syllable_count,SAY catalog v1,
discourse_turn_word_count,discourse,language_sensitive,connected_speech,ad|als|cbs|dlb|ftd|hd|mci|pd|pdd|ppa,derived_companion,implemented,discourse_turn_word_count,SAY catalog v1,
disfluency_annotated_error_count,disfluency,language_sensitive,connected_speech,ad|als|cbs|dlb|ftd|hd|mci|pd|pdd|ppa,derived_companion,implemented,disfluency_annotated_error_count,SAY catalog v1,
disfluency_annotated_error_ratio,disfluency,language_sensitive,connected_speech,ad|als|cbs|dlb|ftd|hd|mci|pd|pdd|ppa,derived_companion,implemented,disfluency_annotated_error_ratio,SAY catalog v1,
disfluency_circumlocution_error_count,disfluency,language_sensitive,,,derived_companion,implemented,disfluency_circumlocution_error_count,SAY catalog v1,
disfluency_circumlocution_error_ratio,disfluency,language_sensitive,,,derived_companion,implemented,disfluency_circumlocution_error_ratio,SAY catalog v1,
disfluency_closed_class_error_count,disfluency,language_sensitive,,,derived_companion,implemented,disfluency_closed_class_error_count,SAY catalog v1,
disfluency_closed_class_error_ratio,disfluency,language_sensitive,,,derived_companion,implemented,disfluency_closed_class_error_ratio,SAY catalog v1,
disfluency_filler_count,disfluency,language_sensitive,connected_speech,ad|als|cbs|dlb|ftd|hd|mci|pd|pdd|ppa,derived_companion,implemented,disfluency_filler_count,SAY catalog v1,
disfluency_filler_ratio,disfluency,language_sensitive,connected_speech,ad|als|cbs|dlb|ftd|hd|mci|pd|pdd|ppa,derived_companion,implemented,disfluency_filler_ratio,SAY catalog v1,
disfluency_fragment_count,disfluency,language_sensitive,connected_speech,ad|als|cbs|dlb|ftd|hd|mci|pd|pdd|ppa,derived_companion,implemented,disfluency_fragment_count,SAY catalog v1,
disfluency_fragment_ratio,disfluency,language_sensitive,connected_speech,ad|als|cbs|dlb|ftd|hd|mci|pd|pdd|ppa,derived_companion,implemented,disfluency_fragment_ratio,SAY catalog v1,
disfluency_immediate_repetition_count,disfluency,language_sensitive,connected_speech,ad|als|cbs|dlb|ftd|hd|mci|pd|pdd|ppa,derived_companion,implemented,disfluency_immediate_repetition_count,SAY catalog v1,
disfluency_immediate_repetition_ratio,disfluency,language_sensitive,connected_speech,ad|als|cbs|dlb|ftd|hd|mci|pd|pdd|ppa,derived_companion,implemented,disfluency_immediate_repetition_ratio,SAY catalog v1,
disfluency_indefinite_term_error_count,disfluency,language_sensitive,,,derived_companion,implemented,disfluency_indefinite_term_error_count,SAY catalog v1,
disfluency_indefinite_term_error_ratio,disfluency,language_sensitive,,,derived_companion,implemented,disfluency_indefinite_term_error_ratio,SAY catalog v1,
disfluency_inflectional_error_count,disfluency,language_sensitive,,,derived_companion,implemented,disfluency_inflectional_error_count,SAY catalog v1,
disfluency_inflectional_error_ratio,disfluency,language_sensitive,,,derived_companion,implemented,disfluency_inflectional_error_ratio,SAY catalog v1,
disfluency_maze_count,disfluency,language_sensitive,connected_speech,ad|als|cbs|dlb|ftd|hd|mci|pd|pdd|ppa,derived_companion,implemented,disfluency_maze_count,SAY catalog v1,
disfluency_maze_ratio,disfluency,language_sensitive,connected_speech,ad|als|cbs|dlb|ftd|hd|mci|pd|pdd|ppa,derived_companion,implemented,disfluency_maze_ratio,SAY catalog v1,
disfluency_morphological_error_count,disfluency,language_sensitive,,,derived_companion,implemented,disfluency_morphological_error_count,SAY catalog v1,
disfluency_morphological_error_ratio,disfluency,language_sensitive,,,derived_companion,implemented,disfluency_morphological_error_ratio,SAY catalog v1,
disfluency_neologism_error_count,disfluency,language_sensitive,,,derived_companion,implemented,disfluency_neologism_error_count,SAY catalog v1,
disfluency_neologism_error_ratio,disfluency,language_sensitive,,,derived_companion,implemented,disfluency_neologism_error_ratio,SAY catalog v1,
disfluency_perseveration_error_count,disfluency,language_sensitive,,,derived_companion,implemented,disfluency_perseveration_error_count,SAY catalog v1,
disfluency_perseveration_error_ratio,disfluency,language_sensitive,,,derived_companion,implemented,disfluency_perseveration_error_ratio,SAY catalog v1,
disfluency_phonemic_error_count,disfluency,language_sensitive,,,derived_companion,implemented,disfluency_phonemic_error_count,SAY catalog v1,
disfluency_phonemic_error_ratio,disfluency,language_sensitive,,,derived_companion,implemented,disfluency_phonemic_error_ratio,SAY catalog v1,
disfluency_phonetic_error_count,disfluency,language_sensitive,,,derived_companion,implemented,disfluency_phonetic_error_count,SAY catalog v1,
disfluency_phonetic_error_ratio,disfluency,language_sensitive,,,derived_companion,implemented,disfluency_phonetic_error_ratio,SAY catalog v1,
disfluency_retracing_count,disfluency,language_sensitive,connected_speech,ad|als|cbs|dlb|ftd|hd|mci|pd|pdd|ppa,derived_companion,implemented,disfluency_retracing_count,SAY catalog v1,
disfluency_retracing_ratio,disfluency,language_sensitive,connected_speech,ad|als|cbs|dlb|ftd|hd|mci|pd|pdd|ppa,derived_companion,implemented,disfluency_retracing_ratio,SAY catalog v1,
disfluency_revision_count,disfluency,language_sensitive,connected_speech,ad|als|cbs|dlb|ftd|hd|mci|pd|pdd|ppa,derived_companion,implemented,disfluency_revision_count,SAY catalog v1,
disfluency_revision_ratio,disfluency,language_sensitive,connected_speech,ad|als|cbs|dlb|ftd|hd|mci|pd|pdd|ppa,derived_companion,implemented,disfluency_revision_ratio,SAY catalog v1,
disfluency_semantic_error_count,disfluency,language_sensitive,,,derived_companion,implemented,disfluency_semantic_error_count,SAY catalog v1,
disfluency_semantic_error_ratio,disfluency,language_sensitive,,,derived_companion,implemented,disfluency_semantic_error_ratio,SAY catalog v1,
disfluency_syntactic_error_count,disfluency,language_sensitive,,,derived_companion,implemented,disfluency_syntactic_error_count,SAY catalog v1,
disfluency_syntactic_error_ratio,disfluency,language_sensitive,,,derived_companion,implemented,disfluency_syntactic_error_ratio,SAY catalog v1,
disfluency_visual_error_count,disfluency,language_sensitive,,,derived_companion,implemented,disfluency_visual_error_count,SAY catalog v1,
disfluency_visual_error_ratio,disfluency,language_sensitive,,,derived_companion,implemented,disfluency_visual_error_ratio,SAY catalog v1,
disfluency_word_finding_error_count,disfluency,language_sensitive,,,derived_companion,implemented,disfluency_word_finding_error_count,SAY catalog v1,
disfluency_word_finding_error_ratio,disfluency,language_sensitive,,,derived_companion,implemented,disfluency_word_finding_error_ratio,SAY catalog v1,
ASR-derived confidence and perplexity,lexical,language_specific,connected_speech,,single_study,deferred,,docs/research/neurodegenerative-speech-feature-sources.md,requires an ASR system and Vietnamese held-out transcription validation
lex_character_count,lexical,language_dependent,connected_speech,ad|als|cbs|dlb|ftd|hd|mci|pd|pdd|ppa|psp,derived_companion,implemented,lex_character_count,SAY catalog v1,
lex_lemma_brunet_w,lexical,language_dependent,connected_speech,ad|als|cbs|dlb|ftd|hd|mci|pd|pdd|ppa|psp,derived_companion,implemented,lex_lemma_brunet_w,SAY catalog v1,
lex_lemma_entropy,lexical,language_dependent,connected_speech,ad|als|cbs|dlb|ftd|hd|mci|pd|pdd|ppa|psp,derived_companion,implemented,lex_lemma_entropy,SAY catalog v1,
lex_lemma_hapax_ratio,lexical,language_dependent,connected_speech,ad|als|cbs|dlb|ftd|hd|mci|pd|pdd|ppa|psp,derived_companion,implemented,lex_lemma_hapax_ratio,SAY catalog v1,
lex_lemma_hdd_42,lexical,language_dependent,connected_speech,ad|als|cbs|dlb|ftd|hd|mci|pd|pdd|ppa|psp,derived_companion,implemented,lex_lemma_hdd_42,SAY catalog v1,
lex_lemma_honore_r,lexical,language_dependent,connected_speech,ad|als|cbs|dlb|ftd|hd|mci|pd|pdd|ppa|psp,derived_companion,implemented,lex_lemma_honore_r,SAY catalog v1,
lex_lemma_mattr_20,lexical,language_dependent,connected_speech,ad|als|cbs|dlb|ftd|hd|mci|pd|pdd|ppa|psp,derived_companion,implemented,lex_lemma_mattr_20,SAY catalog v1,
lex_lemma_mtld,lexical,language_dependent,connected_speech,ad|als|cbs|dlb|ftd|hd|mci|pd|pdd|ppa|psp,derived_companion,implemented,lex_lemma_mtld,SAY catalog v1,
lex_lemma_ttr,lexical,language_dependent,connected_speech,ad|als|cbs|dlb|ftd|hd|mci|pd|pdd|ppa|psp,derived_companion,implemented,lex_lemma_ttr,SAY catalog v1,
lex_mlu_syllables,lexical,language_dependent,connected_speech,ad|als|cbs|dlb|ftd|hd|mci|pd|pdd|ppa|psp,derived_companion,implemented,lex_mlu_syllables,SAY catalog v1,
lex_mlu_words,lexical,language_dependent,connected_speech,ad|als|cbs|dlb|ftd|hd|mci|pd|pdd|ppa|psp,derived_companion,implemented,lex_mlu_words,SAY catalog v1,
lex_syllable_count,lexical,language_dependent,connected_speech,ad|als|cbs|dlb|ftd|hd|mci|pd|pdd|ppa|psp,derived_companion,implemented,lex_syllable_count,SAY catalog v1,
lex_token_brunet_w,lexical,language_dependent,connected_speech,ad|als|cbs|dlb|ftd|hd|mci|pd|pdd|ppa|psp,derived_companion,implemented,lex_token_brunet_w,SAY catalog v1,
lex_token_count,lexical,language_dependent,connected_speech,ad|als|cbs|dlb|ftd|hd|mci|pd|pdd|ppa|psp,derived_companion,implemented,lex_token_count,SAY catalog v1,
lex_token_entropy,lexical,language_dependent,connected_speech,ad|als|cbs|dlb|ftd|hd|mci|pd|pdd|ppa|psp,derived_companion,implemented,lex_token_entropy,SAY catalog v1,
lex_token_hapax_ratio,lexical,language_dependent,connected_speech,ad|als|cbs|dlb|ftd|hd|mci|pd|pdd|ppa|psp,derived_companion,implemented,lex_token_hapax_ratio,SAY catalog v1,
lex_token_hdd_42,lexical,language_dependent,connected_speech,ad|als|cbs|dlb|ftd|hd|mci|pd|pdd|ppa|psp,derived_companion,implemented,lex_token_hdd_42,SAY catalog v1,
lex_token_honore_r,lexical,language_dependent,connected_speech,ad|als|cbs|dlb|ftd|hd|mci|pd|pdd|ppa|psp,derived_companion,implemented,lex_token_honore_r,SAY catalog v1,
lex_token_length_mean_characters,lexical,language_dependent,connected_speech,ad|als|cbs|dlb|ftd|hd|mci|pd|pdd|ppa|psp,derived_companion,implemented,lex_token_length_mean_characters,SAY catalog v1,
lex_token_length_sd_characters,lexical,language_dependent,connected_speech,ad|als|cbs|dlb|ftd|hd|mci|pd|pdd|ppa|psp,derived_companion,implemented,lex_token_length_sd_characters,SAY catalog v1,
lex_token_mattr_20,lexical,language_dependent,connected_speech,ad|als|cbs|dlb|ftd|hd|mci|pd|pdd|ppa|psp,derived_companion,implemented,lex_token_mattr_20,SAY catalog v1,
lex_token_mtld,lexical,language_dependent,connected_speech,ad|als|cbs|dlb|ftd|hd|mci|pd|pdd|ppa|psp,derived_companion,implemented,lex_token_mtld,SAY catalog v1,
lex_token_ttr,lexical,language_dependent,connected_speech,ad|als|cbs|dlb|ftd|hd|mci|pd|pdd|ppa|psp,derived_companion,implemented,lex_token_ttr,SAY catalog v1,
lex_unique_token_count,lexical,language_dependent,connected_speech,ad|als|cbs|dlb|ftd|hd|mci|pd|pdd|ppa|psp,derived_companion,implemented,lex_unique_token_count,SAY catalog v1,
lex_utterance_count,lexical,language_dependent,connected_speech,ad|als|cbs|dlb|ftd|hd|mci|pd|pdd|ppa|psp,derived_companion,implemented,lex_utterance_count,SAY catalog v1,
lex_word_count,lexical,language_dependent,connected_speech,ad|als|cbs|dlb|ftd|hd|mci|pd|pdd|ppa|psp,derived_companion,implemented,lex_word_count,SAY catalog v1,
lex_word_length_mean_syllables,lexical,language_dependent,connected_speech,ad|als|cbs|dlb|ftd|hd|mci|pd|pdd|ppa|psp,derived_companion,implemented,lex_word_length_mean_syllables,SAY catalog v1,
lex_word_length_sd_syllables,lexical,language_dependent,connected_speech,ad|als|cbs|dlb|ftd|hd|mci|pd|pdd|ppa|psp,derived_companion,implemented,lex_word_length_sd_syllables,SAY catalog v1,
morph_classifier_ratio,morphosyntactic,language_dependent,connected_speech,ad|als|cbs|dlb|ftd|hd|mci|pd|pdd|ppa|psp,derived_companion,implemented,morph_classifier_ratio,SAY catalog v1,
morph_clause_count,morphosyntactic,language_dependent,connected_speech,ad|als|cbs|dlb|ftd|hd|mci|pd|pdd|ppa|psp,derived_companion,implemented,morph_clause_count,SAY catalog v1,
morph_clause_rate_per_utterance,morphosyntactic,language_dependent,connected_speech,ad|als|cbs|dlb|ftd|hd|mci|pd|pdd|ppa|psp,derived_companion,implemented,morph_clause_rate_per_utterance,SAY catalog v1,
morph_clauses_per_sentence,morphosyntactic,language_sensitive,,,derived_companion,implemented,morph_clauses_per_sentence,SAY catalog v1,
morph_code_switch_ratio,morphosyntactic,language_dependent,connected_speech,ad|als|cbs|dlb|ftd|hd|mci|pd|pdd|ppa|psp,derived_companion,implemented,morph_code_switch_ratio,SAY catalog v1,
morph_complex_nominal_count,morphosyntactic,language_sensitive,,,derived_companion,implemented,morph_complex_nominal_count,SAY catalog v1,
morph_content_word_ratio,morphosyntactic,language_dependent,connected_speech,ad|als|cbs|dlb|ftd|hd|mci|pd|pdd|ppa|psp,derived_companion,implemented,morph_content_word_ratio,SAY catalog v1,
morph_coordinate_phrase_count,morphosyntactic,language_sensitive,,,derived_companion,implemented,morph_coordinate_phrase_count,SAY catalog v1,
morph_dep_adverbial_modifier_ratio,morphosyntactic,language_dependent,connected_speech,ad|als|cbs|dlb|ftd|hd|mci|pd|pdd|ppa|psp,derived_companion,implemented,morph_dep_adverbial_modifier_ratio,SAY catalog v1,
morph_dep_clausal_complement_ratio,morphosyntactic,language_dependent,connected_speech,ad|als|cbs|dlb|ftd|hd|mci|pd|pdd|ppa|psp,derived_companion,implemented,morph_dep_clausal_complement_ratio,SAY catalog v1,
morph_dep_coordination_ratio,morphosyntactic,language_dependent,connected_speech,ad|als|cbs|dlb|ftd|hd|mci|pd|pdd|ppa|psp,derived_companion,implemented,morph_dep_coordination_ratio,SAY catalog v1,
morph_dep_function_ratio,morphosyntactic,language_dependent,connected_speech,ad|als|cbs|dlb|ftd|hd|mci|pd|pdd|ppa|psp,derived_companion,implemented,morph_dep_function_ratio,SAY catalog v1,
morph_dep_nominal_modifier_ratio,morphosyntactic,language_dependent,connected_speech,ad|als|cbs|dlb|ftd|hd|mci|pd|pdd|ppa|psp,derived_companion,implemented,morph_dep_nominal_modifier_ratio,SAY catalog v1,
morph_dep_object_ratio,morphosyntactic,language_dependent,connected_speech,ad|als|cbs|dlb|ftd|hd|mci|pd|pdd|ppa|psp,derived_companion,implemented,morph_dep_object_ratio,SAY catalog v1,
morph_dep_other_ratio,morphosyntactic,language_dependent,connected_speech,ad|als|cbs|dlb|ftd|hd|mci|pd|pdd|ppa|psp,derived_companion,implemented,morph_dep_other_ratio,SAY catalog v1,
morph_dep_root_ratio,morphosyntactic,language_dependent,connected_speech,ad|als|cbs|dlb|ftd|hd|mci|pd|pdd|ppa|psp,derived_companion,implemented,morph_dep_root_ratio,SAY catalog v1,
morph_dep_subject_ratio,morphosyntactic,language_dependent,connected_speech,ad|als|cbs|dlb|ftd|hd|mci|pd|pdd|ppa|psp,derived_companion,implemented,morph_dep_subject_ratio,SAY catalog v1,
morph_dependency_length_mean_tokens,morphosyntactic,language_dependent,connected_speech,ad|als|cbs|dlb|ftd|hd|mci|pd|pdd|ppa|psp,derived_companion,implemented,morph_dependency_length_mean_tokens,SAY catalog v1,
morph_dependency_length_sd_tokens,morphosyntactic,language_dependent,connected_speech,ad|als|cbs|dlb|ftd|hd|mci|pd|pdd|ppa|psp,derived_companion,implemented,morph_dependency_length_sd_tokens,SAY catalog v1,
morph_dependent_clause_ratio,morphosyntactic,language_sensitive,,,derived_companion,implemented,morph_dependent_clause_ratio,SAY catalog v1,
morph_embedding_count,morphosyntactic,language_sensitive,,,derived_companion,implemented,morph_embedding_count,SAY catalog v1,
morph_function_word_ratio,morphosyntactic,language_dependent,connected_speech,ad|als|cbs|dlb|ftd|hd|mci|pd|pdd|ppa|psp,derived_companion,implemented,morph_function_word_ratio,SAY catalog v1,
morph_incomplete_sentence_ratio,morphosyntactic,language_sensitive,,,derived_companion,implemented,morph_incomplete_sentence_ratio,SAY catalog v1,
morph_noun_verb_ratio,morphosyntactic,language_dependent,connected_speech,ad|als|cbs|dlb|ftd|hd|mci|pd|pdd|ppa|psp,derived_companion,implemented,morph_noun_verb_ratio,SAY catalog v1,
morph_particle_ratio,morphosyntactic,language_dependent,connected_speech,ad|als|cbs|dlb|ftd|hd|mci|pd|pdd|ppa|psp,derived_companion,implemented,morph_particle_ratio,SAY catalog v1,
morph_pronoun_noun_ratio,morphosyntactic,language_dependent,connected_speech,ad|als|cbs|dlb|ftd|hd|mci|pd|pdd|ppa|psp,derived_companion,implemented,morph_pronoun_noun_ratio,SAY catalog v1,
morph_reduced_sentence_ratio,morphosyntactic,language_sensitive,,,derived_companion,implemented,morph_reduced_sentence_ratio,SAY catalog v1,
morph_sentence_count,morphosyntactic,language_sensitive,,,derived_companion,implemented,morph_sentence_count,SAY catalog v1,
morph_subordinate_clause_count,morphosyntactic,language_dependent,connected_speech,ad|als|cbs|dlb|ftd|hd|mci|pd|pdd|ppa|psp,derived_companion,implemented,morph_subordinate_clause_count,SAY catalog v1,
morph_subordination_ratio,morphosyntactic,language_dependent,connected_speech,ad|als|cbs|dlb|ftd|hd|mci|pd|pdd|ppa|psp,derived_companion,implemented,morph_subordination_ratio,SAY catalog v1,
morph_t_unit_count,morphosyntactic,language_sensitive,,,derived_companion,implemented,morph_t_unit_count,SAY catalog v1,
morph_tree_depth_max,morphosyntactic,language_dependent,connected_speech,ad|als|cbs|dlb|ftd|hd|mci|pd|pdd|ppa|psp,derived_companion,implemented,morph_tree_depth_max,SAY catalog v1,
morph_tree_depth_mean,morphosyntactic,language_dependent,connected_speech,ad|als|cbs|dlb|ftd|hd|mci|pd|pdd|ppa|psp,derived_companion,implemented,morph_tree_depth_mean,SAY catalog v1,
morph_upos_adj_ratio,morphosyntactic,language_dependent,connected_speech,ad|als|cbs|dlb|ftd|hd|mci|pd|pdd|ppa|psp,derived_companion,implemented,morph_upos_adj_ratio,SAY catalog v1,
morph_upos_adp_ratio,morphosyntactic,language_dependent,connected_speech,ad|als|cbs|dlb|ftd|hd|mci|pd|pdd|ppa|psp,derived_companion,implemented,morph_upos_adp_ratio,SAY catalog v1,
morph_upos_adv_ratio,morphosyntactic,language_dependent,connected_speech,ad|als|cbs|dlb|ftd|hd|mci|pd|pdd|ppa|psp,derived_companion,implemented,morph_upos_adv_ratio,SAY catalog v1,
morph_upos_aux_ratio,morphosyntactic,language_dependent,connected_speech,ad|als|cbs|dlb|ftd|hd|mci|pd|pdd|ppa|psp,derived_companion,implemented,morph_upos_aux_ratio,SAY catalog v1,
morph_upos_cconj_ratio,morphosyntactic,language_dependent,connected_speech,ad|als|cbs|dlb|ftd|hd|mci|pd|pdd|ppa|psp,derived_companion,implemented,morph_upos_cconj_ratio,SAY catalog v1,
morph_upos_det_ratio,morphosyntactic,language_dependent,connected_speech,ad|als|cbs|dlb|ftd|hd|mci|pd|pdd|ppa|psp,derived_companion,implemented,morph_upos_det_ratio,SAY catalog v1,
morph_upos_intj_ratio,morphosyntactic,language_dependent,connected_speech,ad|als|cbs|dlb|ftd|hd|mci|pd|pdd|ppa|psp,derived_companion,implemented,morph_upos_intj_ratio,SAY catalog v1,
morph_upos_noun_ratio,morphosyntactic,language_dependent,connected_speech,ad|als|cbs|dlb|ftd|hd|mci|pd|pdd|ppa|psp,derived_companion,implemented,morph_upos_noun_ratio,SAY catalog v1,
morph_upos_num_ratio,morphosyntactic,language_dependent,connected_speech,ad|als|cbs|dlb|ftd|hd|mci|pd|pdd|ppa|psp,derived_companion,implemented,morph_upos_num_ratio,SAY catalog v1,
morph_upos_part_ratio,morphosyntactic,language_dependent,connected_speech,ad|als|cbs|dlb|ftd|hd|mci|pd|pdd|ppa|psp,derived_companion,implemented,morph_upos_part_ratio,SAY catalog v1,
morph_upos_pron_ratio,morphosyntactic,language_dependent,connected_speech,ad|als|cbs|dlb|ftd|hd|mci|pd|pdd|ppa|psp,derived_companion,implemented,morph_upos_pron_ratio,SAY catalog v1,
morph_upos_propn_ratio,morphosyntactic,language_dependent,connected_speech,ad|als|cbs|dlb|ftd|hd|mci|pd|pdd|ppa|psp,derived_companion,implemented,morph_upos_propn_ratio,SAY catalog v1,
morph_upos_punct_ratio,morphosyntactic,language_dependent,connected_speech,ad|als|cbs|dlb|ftd|hd|mci|pd|pdd|ppa|psp,derived_companion,implemented,morph_upos_punct_ratio,SAY catalog v1,
morph_upos_sconj_ratio,morphosyntactic,language_dependent,connected_speech,ad|als|cbs|dlb|ftd|hd|mci|pd|pdd|ppa|psp,derived_companion,implemented,morph_upos_sconj_ratio,SAY catalog v1,
morph_upos_sym_ratio,morphosyntactic,language_dependent,connected_speech,ad|als|cbs|dlb|ftd|hd|mci|pd|pdd|ppa|psp,derived_companion,implemented,morph_upos_sym_ratio,SAY catalog v1,
morph_upos_verb_ratio,morphosyntactic,language_dependent,connected_speech,ad|als|cbs|dlb|ftd|hd|mci|pd|pdd|ppa|psp,derived_companion,implemented,morph_upos_verb_ratio,SAY catalog v1,
morph_upos_x_ratio,morphosyntactic,language_dependent,connected_speech,ad|als|cbs|dlb|ftd|hd|mci|pd|pdd|ppa|psp,derived_companion,implemented,morph_upos_x_ratio,SAY catalog v1,
morph_verb_phrase_count,morphosyntactic,language_sensitive,,,derived_companion,implemented,morph_verb_phrase_count,SAY catalog v1,
morph_well_formed_sentence_ratio,morphosyntactic,language_sensitive,,,derived_companion,implemented,morph_well_formed_sentence_ratio,SAY catalog v1,
morph_words_per_clause,morphosyntactic,language_sensitive,,,derived_companion,implemented,morph_words_per_clause,SAY catalog v1,
morph_words_per_sentence,morphosyntactic,language_sensitive,,,derived_companion,implemented,morph_words_per_sentence,SAY catalog v1,
morph_words_per_t_unit,morphosyntactic,language_sensitive,,,derived_companion,implemented,morph_words_per_t_unit,SAY catalog v1,
morph_yngve_depth_max,morphosyntactic,language_sensitive,,,derived_companion,implemented,morph_yngve_depth_max,SAY catalog v1,
morph_yngve_depth_mean,morphosyntactic,language_sensitive,,,derived_companion,implemented,morph_yngve_depth_mean,SAY catalog v1,
egemaps_hnrdbacf_sma3nz_amean,phonation,language_sensitive,connected_speech|sustained_vowel,,standard_feature_set,optional,egemaps_hnrdbacf_sma3nz_amean,https://doi.org/10.1109/TAFFC.2015.2457417,
egemaps_hnrdbacf_sma3nz_stddevnorm,phonation,language_sensitive,connected_speech|sustained_vowel,,standard_feature_set,optional,egemaps_hnrdbacf_sma3nz_stddevnorm,https://doi.org/10.1109/TAFFC.2015.2457417,
egemaps_jitterlocal_sma3nz_amean,phonation,language_sensitive,connected_speech|sustained_vowel,,standard_feature_set,optional,egemaps_jitterlocal_sma3nz_amean,https://doi.org/10.1109/TAFFC.2015.2457417,
egemaps_jitterlocal_sma3nz_stddevnorm,phonation,language_sensitive,connected_speech|sustained_vowel,,standard_feature_set,optional,egemaps_jitterlocal_sma3nz_stddevnorm,https://doi.org/10.1109/TAFFC.2015.2457417,
egemaps_logrelf0_h1_a3_sma3nz_amean,phonation,language_sensitive,connected_speech|sustained_vowel,,standard_feature_set,optional,egemaps_logrelf0_h1_a3_sma3nz_amean,https://doi.org/10.1109/TAFFC.2015.2457417,
egemaps_logrelf0_h1_a3_sma3nz_stddevnorm,phonation,language_sensitive,connected_speech|sustained_vowel,,standard_feature_set,optional,egemaps_logrelf0_h1_a3_sma3nz_stddevnorm,https://doi.org/10.1109/TAFFC.2015.2457417,
egemaps_logrelf0_h1_h2_sma3nz_amean,phonation,language_sensitive,connected_speech|sustained_vowel,,standard_feature_set,optional,egemaps_logrelf0_h1_h2_sma3nz_amean,https://doi.org/10.1109/TAFFC.2015.2457417,
egemaps_logrelf0_h1_h2_sma3nz_stddevnorm,phonation,language_sensitive,connected_speech|sustained_vowel,,standard_feature_set,optional,egemaps_logrelf0_h1_h2_sma3nz_stddevnorm,https://doi.org/10.1109/TAFFC.2015.2457417,
egemaps_shimmerlocaldb_sma3nz_amean,phonation,language_sensitive,connected_speech|sustained_vowel,,standard_feature_set,optional,egemaps_shimmerlocaldb_sma3nz_amean,https://doi.org/10.1109/TAFFC.2015.2457417,
egemaps_shimmerlocaldb_sma3nz_stddevnorm,phonation,language_sensitive,connected_speech|sustained_vowel,,standard_feature_set,optional,egemaps_shimmerlocaldb_sma3nz_stddevnorm,https://doi.org/10.1109/TAFFC.2015.2457417,
proprietary measures,phonation,language_independent,connected_speech,,single_study,deferred,,docs/research/neurodegenerative-speech-feature-sources.md,no open reproducible implementation is available
voice_break_count,phonation,language_independent,connected_speech|sustained_vowel,ad|als|ataxia|cbs|dlb|ftd|hd|mci|mnd|ms|msa|pd|pdd|ppa|psp,derived_companion,implemented,voice_break_count,Neurodegenerative speech feature expansion v1,
voice_break_proportion,phonation,language_independent,connected_speech|sustained_vowel,ad|als|ataxia|cbs|dlb|ftd|hd|mci|mnd|ms|msa|pd|pdd|ppa|psp,derived_companion,implemented,voice_break_proportion,Neurodegenerative speech feature expansion v1,
voice_break_rate_per_min,phonation,language_independent,connected_speech|sustained_vowel,ad|als|ataxia|cbs|dlb|ftd|hd|mci|mnd|ms|msa|pd|pdd|ppa|psp,derived_companion,implemented,voice_break_rate_per_min,Neurodegenerative speech feature expansion v1,
voice_correlation_dimension,phonation,language_independent,connected_speech|sustained_vowel,ad|als|ataxia|cbs|dlb|ftd|hd|mci|mnd|ms|msa|pd|pdd|ppa|psp,derived_companion,implemented,voice_correlation_dimension,Neurodegenerative speech feature expansion v1,
voice_cpp_iqr_db,phonation,language_independent,connected_speech|sustained_vowel,ad|als|ataxia|cbs|dlb|ftd|hd|mci|mnd|ms|msa|pd|pdd|ppa|psp,derived_companion,implemented,voice_cpp_iqr_db,SAY catalog v1,
voice_cpp_mean_db,phonation,language_independent,connected_speech|sustained_vowel,ad|als|ataxia|cbs|dlb|ftd|hd|mci|mnd|ms|msa|pd|pdd|ppa|psp,derived_companion,implemented,voice_cpp_mean_db,SAY catalog v1,
voice_cpp_median_db,phonation,language_independent,connected_speech|sustained_vowel,ad|als|ataxia|cbs|dlb|ftd|hd|mci|mnd|ms|msa|pd|pdd|ppa|psp,derived_companion,implemented,voice_cpp_median_db,SAY catalog v1,
voice_cpp_sd_db,phonation,language_independent,connected_speech|sustained_vowel,ad|als|ataxia|cbs|dlb|ftd|hd|mci|mnd|ms|msa|pd|pdd|ppa|psp,derived_companion,implemented,voice_cpp_sd_db,SAY catalog v1,
voice_dfa,phonation,language_independent,connected_speech|sustained_vowel,ad|als|ataxia|cbs|dlb|ftd|hd|mci|mnd|ms|msa|pd|pdd|ppa|psp,derived_companion,implemented,voice_dfa,Neurodegenerative speech feature expansion v1,
voice_gaping_interval_rate_per_min,phonation,language_independent,sustained_vowel,als|ataxia|cbs|hd|mnd|ms|msa|pd|pdd|psp,derived_companion,implemented,voice_gaping_interval_rate_per_min,Neurodegenerative speech feature expansion v1,
voice_hnr_iqr_db,phonation,language_independent,connected_speech|sustained_vowel,ad|als|ataxia|cbs|dlb|ftd|hd|mci|mnd|ms|msa|pd|pdd|ppa|psp,derived_companion,implemented,voice_hnr_iqr_db,SAY catalog v1,
voice_hnr_mean_db,phonation,language_independent,connected_speech|sustained_vowel,ad|als|ataxia|cbs|dlb|ftd|hd|mci|mnd|ms|msa|pd|pdd|ppa|psp,derived_companion,implemented,voice_hnr_mean_db,SAY catalog v1,
voice_hnr_median_db,phonation,language_independent,connected_speech|sustained_vowel,ad|als|ataxia|cbs|dlb|ftd|hd|mci|mnd|ms|msa|pd|pdd|ppa|psp,derived_companion,implemented,voice_hnr_median_db,SAY catalog v1,
voice_hnr_sd_db,phonation,language_independent,connected_speech|sustained_vowel,ad|als|ataxia|cbs|dlb|ftd|hd|mci|mnd|ms|msa|pd|pdd|ppa|psp,derived_companion,implemented,voice_hnr_sd_db,SAY catalog v1,
voice_jitter_ddp,phonation,language_independent,connected_speech|sustained_vowel,ad|als|ataxia|cbs|dlb|ftd|hd|mci|mnd|ms|msa|pd|pdd|ppa|psp,derived_companion,implemented,voice_jitter_ddp,Neurodegenerative speech feature expansion v1,
voice_jitter_local,phonation,language_independent,connected_speech|sustained_vowel,ad|als|ataxia|cbs|dlb|ftd|hd|mci|mnd|ms|msa|pd|pdd|ppa|psp,derived_companion,implemented,voice_jitter_local,SAY catalog v1,
voice_jitter_ppq5,phonation,language_independent,connected_speech|sustained_vowel,ad|als|ataxia|cbs|dlb|ftd|hd|mci|mnd|ms|msa|pd|pdd|ppa|psp,derived_companion,implemented,voice_jitter_ppq5,Neurodegenerative speech feature expansion v1,
voice_jitter_rap,phonation,language_independent,connected_speech|sustained_vowel,ad|als|ataxia|cbs|dlb|ftd|hd|mci|mnd|ms|msa|pd|pdd|ppa|psp,derived_companion,implemented,voice_jitter_rap,Neurodegenerative speech feature expansion v1,
voice_nhr_mean_db,phonation,language_independent,connected_speech|sustained_vowel,ad|als|ataxia|cbs|dlb|ftd|hd|mci|mnd|ms|msa|pd|pdd|ppa|psp,derived_companion,implemented,voice_nhr_mean_db,Neurodegenerative speech feature expansion v1,
voice_pitch_period_entropy,phonation,language_independent,connected_speech|sustained_vowel,ad|als|ataxia|cbs|dlb|ftd|hd|mci|mnd|ms|msa|pd|pdd|ppa|psp,derived_companion,implemented,voice_pitch_period_entropy,Neurodegenerative speech feature expansion v1,
voice_rpde,phonation,language_independent,connected_speech|sustained_vowel,ad|als|ataxia|cbs|dlb|ftd|hd|mci|mnd|ms|msa|pd|pdd|ppa|psp,derived_companion,implemented,voice_rpde,Neurodegenerative speech feature expansion v1,
voice_shimmer_apq11,phonation,language_independent,connected_speech|sustained_vowel,ad|als|ataxia|cbs|dlb|ftd|hd|mci|mnd|ms|msa|pd|pdd|ppa|psp,derived_companion,implemented,voice_shimmer_apq11,Neurodegenerative speech feature expansion v1,
voice_shimmer_apq3,phonation,language_independent,connected_speech|sustained_vowel,ad|als|ataxia|cbs|dlb|ftd|hd|mci|mnd|ms|msa|pd|pdd|ppa|psp,derived_companion,implemented,voice_shimmer_apq3,Neurodegenerative speech feature expansion v1,
voice_shimmer_apq5,phonation,language_independent,connected_speech|sustained_vowel,ad|als|ataxia|cbs|dlb|ftd|hd|mci|mnd|ms|msa|pd|pdd|ppa|psp,derived_companion,implemented,voice_shimmer_apq5,Neurodegenerative speech feature expansion v1,
voice_shimmer_dda,phonation,language_independent,connected_speech|sustained_vowel,ad|als|ataxia|cbs|dlb|ftd|hd|mci|mnd|ms|msa|pd|pdd|ppa|psp,derived_companion,implemented,voice_shimmer_dda,Neurodegenerative speech feature expansion v1,
voice_shimmer_local,phonation,language_independent,connected_speech|sustained_vowel,ad|als|ataxia|cbs|dlb|ftd|hd|mci|mnd|ms|msa|pd|pdd|ppa|psp,derived_companion,implemented,voice_shimmer_local,SAY catalog v1,
voice_subharmonic_interval_proportion,phonation,language_independent,sustained_vowel,als|ataxia|cbs|hd|mnd|ms|msa|pd|pdd|psp,derived_companion,implemented,voice_subharmonic_interval_proportion,Neurodegenerative speech feature expansion v1,
voice_sustained_f0_sd_semitones,phonation,language_independent,sustained_vowel,als|ataxia|cbs|hd|mnd|ms|msa|pd|pdd|psp,derived_companion,implemented,voice_sustained_f0_sd_semitones,Neurodegenerative speech feature expansion v1,
voice_sustained_power_sd_db,phonation,language_independent,sustained_vowel,als|ataxia|cbs|hd|mnd|ms|msa|pd|pdd|psp,derived_companion,implemented,voice_sustained_power_sd_db,Neurodegenerative speech feature expansion v1,
voice_voiced_ratio,phonation,language_independent,connected_speech|sustained_vowel,ad|als|ataxia|cbs|dlb|ftd|hd|mci|mnd|ms|msa|pd|pdd|ppa|psp,derived_companion,implemented,voice_voiced_ratio,SAY catalog v1,
egemaps_equivalentsoundlevel_dbp,prosody,language_sensitive,connected_speech|sustained_vowel,,standard_feature_set,optional,egemaps_equivalentsoundlevel_dbp,https://doi.org/10.1109/TAFFC.2015.2457417,
egemaps_f0semitonefrom27_5hz_sma3nz_amean,prosody,language_sensitive,connected_speech|sustained_vowel,,standard_feature_set,optional,egemaps_f0semitonefrom27_5hz_sma3nz_amean,https://doi.org/10.1109/TAFFC.2015.2457417,
egemaps_f0semitonefrom27_5hz_sma3nz_meanfallingslope,prosody,language_sensitive,connected_speech|sustained_vowel,,standard_feature_set,optional,egemaps_f0semitonefrom27_5hz_sma3nz_meanfallingslope,https://doi.org/10.1109/TAFFC.2015.2457417,
egemaps_f0semitonefrom27_5hz_sma3nz_meanrisingslope,prosody,language_sensitive,connected_speech|sustained_vowel,,standard_feature_set,optional,egemaps_f0semitonefrom27_5hz_sma3nz_meanrisingslope,https://doi.org/10.1109/TAFFC.2015.2457417,
egemaps_f0semitonefrom27_5hz_sma3nz_pctlrange0_2,prosody,language_sensitive,connected_speech|sustained_vowel,,standard_feature_set,optional,egemaps_f0semitonefrom27_5hz_sma3nz_pctlrange0_2,https://doi.org/10.1109/TAFFC.2015.2457417,
egemaps_f0semitonefrom27_5hz_sma3nz_percentile20_0,prosody,language_sensitive,connected_speech|sustained_vowel,,standard_feature_set,optional,egemaps_f0semitonefrom27_5hz_sma3nz_percentile20_0,https://doi.org/10.1109/TAFFC.2015.2457417,
egemaps_f0semitonefrom27_5hz_sma3nz_percentile50_0,prosody,language_sensitive,connected_speech|sustained_vowel,,standard_feature_set,optional,egemaps_f0semitonefrom27_5hz_sma3nz_percentile50_0,https://doi.org/10.1109/TAFFC.2015.2457417,
egemaps_f0semitonefrom27_5hz_sma3nz_percentile80_0,prosody,language_sensitive,connected_speech|sustained_vowel,,standard_feature_set,optional,egemaps_f0semitonefrom27_5hz_sma3nz_percentile80_0,https://doi.org/10.1109/TAFFC.2015.2457417,
egemaps_f0semitonefrom27_5hz_sma3nz_stddevfallingslope,prosody,language_sensitive,connected_speech|sustained_vowel,,standard_feature_set,optional,egemaps_f0semitonefrom27_5hz_sma3nz_stddevfallingslope,https://doi.org/10.1109/TAFFC.2015.2457417,
egemaps_f0semitonefrom27_5hz_sma3nz_stddevnorm,prosody,language_sensitive,connected_speech|sustained_vowel,,standard_feature_set,optional,egemaps_f0semitonefrom27_5hz_sma3nz_stddevnorm,https://doi.org/10.1109/TAFFC.2015.2457417,
egemaps_f0semitonefrom27_5hz_sma3nz_stddevrisingslope,prosody,language_sensitive,connected_speech|sustained_vowel,,standard_feature_set,optional,egemaps_f0semitonefrom27_5hz_sma3nz_stddevrisingslope,https://doi.org/10.1109/TAFFC.2015.2457417,
egemaps_loudness_sma3_amean,prosody,language_sensitive,connected_speech|sustained_vowel,,standard_feature_set,optional,egemaps_loudness_sma3_amean,https://doi.org/10.1109/TAFFC.2015.2457417,
egemaps_loudness_sma3_meanfallingslope,prosody,language_sensitive,connected_speech|sustained_vowel,,standard_feature_set,optional,egemaps_loudness_sma3_meanfallingslope,https://doi.org/10.1109/TAFFC.2015.2457417,
egemaps_loudness_sma3_meanrisingslope,prosody,language_sensitive,connected_speech|sustained_vowel,,standard_feature_set,optional,egemaps_loudness_sma3_meanrisingslope,https://doi.org/10.1109/TAFFC.2015.2457417,
egemaps_loudness_sma3_pctlrange0_2,prosody,language_sensitive,connected_speech|sustained_vowel,,standard_feature_set,optional,egemaps_loudness_sma3_pctlrange0_2,https://doi.org/10.1109/TAFFC.2015.2457417,
egemaps_loudness_sma3_percentile20_0,prosody,language_sensitive,connected_speech|sustained_vowel,,standard_feature_set,optional,egemaps_loudness_sma3_percentile20_0,https://doi.org/10.1109/TAFFC.2015.2457417,
egemaps_loudness_sma3_percentile50_0,prosody,language_sensitive,connected_speech|sustained_vowel,,standard_feature_set,optional,egemaps_loudness_sma3_percentile50_0,https://doi.org/10.1109/TAFFC.2015.2457417,
egemaps_loudness_sma3_percentile80_0,prosody,language_sensitive,connected_speech|sustained_vowel,,standard_feature_set,optional,egemaps_loudness_sma3_percentile80_0,https://doi.org/10.1109/TAFFC.2015.2457417,
egemaps_loudness_sma3_stddevfallingslope,prosody,language_sensitive,connected_speech|sustained_vowel,,standard_feature_set,optional,egemaps_loudness_sma3_stddevfallingslope,https://doi.org/10.1109/TAFFC.2015.2457417,
egemaps_loudness_sma3_stddevnorm,prosody,language_sensitive,connected_speech|sustained_vowel,,standard_feature_set,optional,egemaps_loudness_sma3_stddevnorm,https://doi.org/10.1109/TAFFC.2015.2457417,
egemaps_loudness_sma3_stddevrisingslope,prosody,language_sensitive,connected_speech|sustained_vowel,,standard_feature_set,optional,egemaps_loudness_sma3_stddevrisingslope,https://doi.org/10.1109/TAFFC.2015.2457417,
egemaps_loudnesspeakspersec,prosody,language_sensitive,connected_speech|sustained_vowel,,standard_feature_set,optional,egemaps_loudnesspeakspersec,https://doi.org/10.1109/TAFFC.2015.2457417,
voice_f0_abs_change_hz,prosody,language_sensitive,connected_speech|sustained_vowel,ad|als|cbs|dlb|ftd|hd|mci|mnd|ms|msa|pd|pdd|ppa|psp,derived_companion,implemented,voice_f0_abs_change_hz,SAY catalog v1,
voice_f0_cv,prosody,language_sensitive,connected_speech|sustained_vowel,ad|als|cbs|dlb|ftd|hd|mci|mnd|ms|msa|pd|pdd|ppa|psp,derived_companion,implemented,voice_f0_cv,SAY catalog v1,
voice_f0_iqr_hz,prosody,language_sensitive,connected_speech|sustained_vowel,ad|als|cbs|dlb|ftd|hd|mci|mnd|ms|msa|pd|pdd|ppa|psp,derived_companion,implemented,voice_f0_iqr_hz,SAY catalog v1,
voice_f0_mad_semitones,prosody,language_sensitive,connected_speech|sustained_vowel,ad|als|cbs|dlb|ftd|hd|mci|mnd|ms|msa|pd|pdd|ppa|psp,derived_companion,implemented,voice_f0_mad_semitones,Neurodegenerative speech feature expansion v1,
voice_f0_mean_hz,prosody,language_sensitive,connected_speech|sustained_vowel,ad|als|cbs|dlb|ftd|hd|mci|mnd|ms|msa|pd|pdd|ppa|psp,derived_companion,implemented,voice_f0_mean_hz,SAY catalog v1,
voice_f0_median_hz,prosody,language_sensitive,connected_speech|sustained_vowel,ad|als|cbs|dlb|ftd|hd|mci|mnd|ms|msa|pd|pdd|ppa|psp,derived_companion,implemented,voice_f0_median_hz,SAY catalog v1,
voice_f0_range_5_95_hz,prosody,language_sensitive,connected_speech|sustained_vowel,ad|als|cbs|dlb|ftd|hd|mci|mnd|ms|msa|pd|pdd|ppa|psp,derived_companion,implemented,voice_f0_range_5_95_hz,SAY catalog v1,
voice_f0_range_semitones,prosody,language_sensitive,connected_speech|sustained_vowel,ad|als|cbs|dlb|ftd|hd|mci|mnd|ms|msa|pd|pdd|ppa|psp,derived_companion,implemented,voice_f0_range_semitones,Neurodegenerative speech feature expansion v1,
voice_f0_sd_hz,prosody,language_sensitive,connected_speech|sustained_vowel,ad|als|cbs|dlb|ftd|hd|mci|mnd|ms|msa|pd|pdd|ppa|psp,derived_companion,implemented,voice_f0_sd_hz,SAY catalog v1,
voice_f0_slope_hz_per_s,prosody,language_sensitive,connected_speech|sustained_vowel,ad|als|cbs|dlb|ftd|hd|mci|mnd|ms|msa|pd|pdd|ppa|psp,derived_companion,implemented,voice_f0_slope_hz_per_s,SAY catalog v1,
voice_intensity_cv,prosody,language_sensitive,connected_speech|sustained_vowel,ad|als|cbs|dlb|ftd|hd|mci|mnd|ms|msa|pd|pdd|ppa|psp,derived_companion,implemented,voice_intensity_cv,Neurodegenerative speech feature expansion v1,
voice_intensity_iqr_db,prosody,language_sensitive,connected_speech|sustained_vowel,ad|als|cbs|dlb|ftd|hd|mci|mnd|ms|msa|pd|pdd|ppa|psp,derived_companion,implemented,voice_intensity_iqr_db,SAY catalog v1,
voice_intensity_mean_dbfs,prosody,language_sensitive,connected_speech|sustained_vowel,ad|als|cbs|dlb|ftd|hd|mci|mnd|ms|msa|pd|pdd|ppa|psp,derived_companion,implemented,voice_intensity_mean_dbfs,SAY catalog v1,
voice_intensity_median_dbfs,prosody,language_sensitive,connected_speech|sustained_vowel,ad|als|cbs|dlb|ftd|hd|mci|mnd|ms|msa|pd|pdd|ppa|psp,derived_companion,implemented,voice_intensity_median_dbfs,SAY catalog v1,
voice_intensity_range_db,prosody,language_sensitive,connected_speech|sustained_vowel,ad|als|cbs|dlb|ftd|hd|mci|mnd|ms|msa|pd|pdd|ppa|psp,derived_companion,implemented,voice_intensity_range_db,Neurodegenerative speech feature expansion v1,
voice_intensity_sd_db,prosody,language_sensitive,connected_speech|sustained_vowel,ad|als|cbs|dlb|ftd|hd|mci|mnd|ms|msa|pd|pdd|ppa|psp,derived_companion,implemented,voice_intensity_sd_db,SAY catalog v1,
voice_intensity_slope_db_per_s,prosody,language_sensitive,connected_speech|sustained_vowel,ad|als|cbs|dlb|ftd|hd|mci|mnd|ms|msa|pd|pdd|ppa|psp,derived_companion,implemented,voice_intensity_slope_db_per_s,SAY catalog v1,
lex_age_of_acquisition_mean,psycholinguistic,language_sensitive,,,derived_companion,implemented,lex_age_of_acquisition_mean,SAY catalog v1,
lex_concreteness_mean,psycholinguistic,language_sensitive,,,derived_companion,implemented,lex_concreteness_mean,SAY catalog v1,
lex_familiarity_mean,psycholinguistic,language_sensitive,,,derived_companion,implemented,lex_familiarity_mean,SAY catalog v1,
lex_frequency_mean,psycholinguistic,language_sensitive,,,derived_companion,implemented,lex_frequency_mean,SAY catalog v1,
lex_imageability_mean,psycholinguistic,language_sensitive,,,derived_companion,implemented,lex_imageability_mean,SAY catalog v1,
lex_log_frequency_mean,psycholinguistic,language_sensitive,,,derived_companion,implemented,lex_log_frequency_mean,SAY catalog v1,
resp_breath_group_count,respiration,language_independent,connected_speech,als|ataxia|cbs|hd|mnd|ms|msa|pd|pdd|psp,derived_companion,implemented,resp_breath_group_count,Neurodegenerative speech feature expansion v1,
resp_breath_group_mean_s,respiration,language_independent,connected_speech,als|ataxia|cbs|hd|mnd|ms|msa|pd|pdd|psp,derived_companion,implemented,resp_breath_group_mean_s,Neurodegenerative speech feature expansion v1,
resp_breath_group_sd_s,respiration,language_independent,connected_speech,als|ataxia|cbs|hd|mnd|ms|msa|pd|pdd|psp,derived_companion,implemented,resp_breath_group_sd_s,Neurodegenerative speech feature expansion v1,
resp_pauses_per_breath,respiration,language_independent,connected_speech,als|ataxia|cbs|hd|mnd|ms|msa|pd|pdd|psp,derived_companion,implemented,resp_pauses_per_breath,Neurodegenerative speech feature expansion v1,
resp_rate_per_min,respiration,language_independent,connected_speech,als|ataxia|cbs|hd|mnd|ms|msa|pd|pdd|psp,derived_companion,implemented,resp_rate_per_min,Neurodegenerative speech feature expansion v1,
resp_relative_loudness_db,respiration,language_independent,connected_speech,als|ataxia|cbs|hd|mnd|ms|msa|pd|pdd|psp,derived_companion,implemented,resp_relative_loudness_db,Neurodegenerative speech feature expansion v1,
rhythm_npvi_c,rhythm,language_sensitive,connected_speech,als|ataxia|cbs|hd|mnd|ms|msa|pd|pdd|psp,derived_companion,implemented,rhythm_npvi_c,Neurodegenerative speech feature expansion v1,
rhythm_npvi_v,rhythm,language_sensitive,connected_speech,als|ataxia|cbs|hd|mnd|ms|msa|pd|pdd|psp,derived_companion,implemented,rhythm_npvi_v,Neurodegenerative speech feature expansion v1,
rhythm_percent_vocalic,rhythm,language_sensitive,connected_speech,als|ataxia|cbs|hd|mnd|ms|msa|pd|pdd|psp,derived_companion,implemented,rhythm_percent_vocalic,Neurodegenerative speech feature expansion v1,
rhythm_rpvi_c,rhythm,language_sensitive,connected_speech,als|ataxia|cbs|hd|mnd|ms|msa|pd|pdd|psp,derived_companion,implemented,rhythm_rpvi_c,Neurodegenerative speech feature expansion v1,
rhythm_rpvi_v,rhythm,language_sensitive,connected_speech,als|ataxia|cbs|hd|mnd|ms|msa|pd|pdd|psp,derived_companion,implemented,rhythm_rpvi_v,Neurodegenerative speech feature expansion v1,
rhythm_varco_c,rhythm,language_sensitive,connected_speech,als|ataxia|cbs|hd|mnd|ms|msa|pd|pdd|psp,derived_companion,implemented,rhythm_varco_c,Neurodegenerative speech feature expansion v1,
rhythm_varco_v,rhythm,language_sensitive,connected_speech,als|ataxia|cbs|hd|mnd|ms|msa|pd|pdd|psp,derived_companion,implemented,rhythm_varco_v,Neurodegenerative speech feature expansion v1,
semantic embedding coherence,semantic,language_specific,connected_speech,,single_study,deferred,,docs/research/neurodegenerative-speech-feature-sources.md,requires a versioned semantic model and Vietnamese validation
semantic_idea_density,semantic,language_sensitive,,,derived_companion,implemented,semantic_idea_density,SAY catalog v1,
semantic_proposition_density,semantic,language_sensitive,,,derived_companion,implemented,semantic_proposition_density,SAY catalog v1,
ComParE feature set,spectral,language_sensitive,connected_speech,,standard_feature_set,deferred,,docs/research/neurodegenerative-speech-feature-sources.md,the large generic set is outside the reviewed minimal feature scope
egemaps_alpharatiouv_sma3nz_amean,spectral,language_sensitive,connected_speech|sustained_vowel,,standard_feature_set,optional,egemaps_alpharatiouv_sma3nz_amean,https://doi.org/10.1109/TAFFC.2015.2457417,
egemaps_alpharatiov_sma3nz_amean,spectral,language_sensitive,connected_speech|sustained_vowel,,standard_feature_set,optional,egemaps_alpharatiov_sma3nz_amean,https://doi.org/10.1109/TAFFC.2015.2457417,
egemaps_alpharatiov_sma3nz_stddevnorm,spectral,language_sensitive,connected_speech|sustained_vowel,,standard_feature_set,optional,egemaps_alpharatiov_sma3nz_stddevnorm,https://doi.org/10.1109/TAFFC.2015.2457417,
egemaps_hammarbergindexuv_sma3nz_amean,spectral,language_sensitive,connected_speech|sustained_vowel,,standard_feature_set,optional,egemaps_hammarbergindexuv_sma3nz_amean,https://doi.org/10.1109/TAFFC.2015.2457417,
egemaps_hammarbergindexv_sma3nz_amean,spectral,language_sensitive,connected_speech|sustained_vowel,,standard_feature_set,optional,egemaps_hammarbergindexv_sma3nz_amean,https://doi.org/10.1109/TAFFC.2015.2457417,
egemaps_hammarbergindexv_sma3nz_stddevnorm,spectral,language_sensitive,connected_speech|sustained_vowel,,standard_feature_set,optional,egemaps_hammarbergindexv_sma3nz_stddevnorm,https://doi.org/10.1109/TAFFC.2015.2457417,
egemaps_mfcc1_sma3_amean,spectral,language_sensitive,connected_speech|sustained_vowel,,standard_feature_set,optional,egemaps_mfcc1_sma3_amean,https://doi.org/10.1109/TAFFC.2015.2457417,
egemaps_mfcc1_sma3_stddevnorm,spectral,language_sensitive,connected_speech|sustained_vowel,,standard_feature_set,optional,egemaps_mfcc1_sma3_stddevnorm,https://doi.org/10.1109/TAFFC.2015.2457417,
egemaps_mfcc1v_sma3nz_amean,spectral,language_sensitive,connected_speech|sustained_vowel,,standard_feature_set,optional,egemaps_mfcc1v_sma3nz_amean,https://doi.org/10.1109/TAFFC.2015.2457417,
egemaps_mfcc1v_sma3nz_stddevnorm,spectral,language_sensitive,connected_speech|sustained_vowel,,standard_feature_set,optional,egemaps_mfcc1v_sma3nz_stddevnorm,https://doi.org/10.1109/TAFFC.2015.2457417,
egemaps_mfcc2_sma3_amean,spectral,language_sensitive,connected_speech|sustained_vowel,,standard_feature_set,optional,egemaps_mfcc2_sma3_amean,https://doi.org/10.1109/TAFFC.2015.2457417,
egemaps_mfcc2_sma3_stddevnorm,spectral,language_sensitive,connected_speech|sustained_vowel,,standard_feature_set,optional,egemaps_mfcc2_sma3_stddevnorm,https://doi.org/10.1109/TAFFC.2015.2457417,
egemaps_mfcc2v_sma3nz_amean,spectral,language_sensitive,connected_speech|sustained_vowel,,standard_feature_set,optional,egemaps_mfcc2v_sma3nz_amean,https://doi.org/10.1109/TAFFC.2015.2457417,
egemaps_mfcc2v_sma3nz_stddevnorm,spectral,language_sensitive,connected_speech|sustained_vowel,,standard_feature_set,optional,egemaps_mfcc2v_sma3nz_stddevnorm,https://doi.org/10.1109/TAFFC.2015.2457417,
egemaps_mfcc3_sma3_amean,spectral,language_sensitive,connected_speech|sustained_vowel,,standard_feature_set,optional,egemaps_mfcc3_sma3_amean,https://doi.org/10.1109/TAFFC.2015.2457417,
egemaps_mfcc3_sma3_stddevnorm,spectral,language_sensitive,connected_speech|sustained_vowel,,standard_feature_set,optional,egemaps_mfcc3_sma3_stddevnorm,https://doi.org/10.1109/TAFFC.2015.2457417,
egemaps_mfcc3v_sma3nz_amean,spectral,language_sensitive,connected_speech|sustained_vowel,,standard_feature_set,optional,egemaps_mfcc3v_sma3nz_amean,https://doi.org/10.1109/TAFFC.2015.2457417,
egemaps_mfcc3v_sma3nz_stddevnorm,spectral,language_sensitive,connected_speech|sustained_vowel,,standard_feature_set,optional,egemaps_mfcc3v_sma3nz_stddevnorm,https://doi.org/10.1109/TAFFC.2015.2457417,
egemaps_mfcc4_sma3_amean,spectral,language_sensitive,connected_speech|sustained_vowel,,standard_feature_set,optional,egemaps_mfcc4_sma3_amean,https://doi.org/10.1109/TAFFC.2015.2457417,
egemaps_mfcc4_sma3_stddevnorm,spectral,language_sensitive,connected_speech|sustained_vowel,,standard_feature_set,optional,egemaps_mfcc4_sma3_stddevnorm,https://doi.org/10.1109/TAFFC.2015.2457417,
egemaps_mfcc4v_sma3nz_amean,spectral,language_sensitive,connected_speech|sustained_vowel,,standard_feature_set,optional,egemaps_mfcc4v_sma3nz_amean,https://doi.org/10.1109/TAFFC.2015.2457417,
egemaps_mfcc4v_sma3nz_stddevnorm,spectral,language_sensitive,connected_speech|sustained_vowel,,standard_feature_set,optional,egemaps_mfcc4v_sma3nz_stddevnorm,https://doi.org/10.1109/TAFFC.2015.2457417,
egemaps_slopeuv0_500_sma3nz_amean,spectral,language_sensitive,connected_speech|sustained_vowel,,standard_feature_set,optional,egemaps_slopeuv0_500_sma3nz_amean,https://doi.org/10.1109/TAFFC.2015.2457417,
egemaps_slopeuv500_1500_sma3nz_amean,spectral,language_sensitive,connected_speech|sustained_vowel,,standard_feature_set,optional,egemaps_slopeuv500_1500_sma3nz_amean,https://doi.org/10.1109/TAFFC.2015.2457417,
egemaps_slopev0_500_sma3nz_amean,spectral,language_sensitive,connected_speech|sustained_vowel,,standard_feature_set,optional,egemaps_slopev0_500_sma3nz_amean,https://doi.org/10.1109/TAFFC.2015.2457417,
egemaps_slopev0_500_sma3nz_stddevnorm,spectral,language_sensitive,connected_speech|sustained_vowel,,standard_feature_set,optional,egemaps_slopev0_500_sma3nz_stddevnorm,https://doi.org/10.1109/TAFFC.2015.2457417,
egemaps_slopev500_1500_sma3nz_amean,spectral,language_sensitive,connected_speech|sustained_vowel,,standard_feature_set,optional,egemaps_slopev500_1500_sma3nz_amean,https://doi.org/10.1109/TAFFC.2015.2457417,
egemaps_slopev500_1500_sma3nz_stddevnorm,spectral,language_sensitive,connected_speech|sustained_vowel,,standard_feature_set,optional,egemaps_slopev500_1500_sma3nz_stddevnorm,https://doi.org/10.1109/TAFFC.2015.2457417,
egemaps_spectralflux_sma3_amean,spectral,language_sensitive,connected_speech|sustained_vowel,,standard_feature_set,optional,egemaps_spectralflux_sma3_amean,https://doi.org/10.1109/TAFFC.2015.2457417,
egemaps_spectralflux_sma3_stddevnorm,spectral,language_sensitive,connected_speech|sustained_vowel,,standard_feature_set,optional,egemaps_spectralflux_sma3_stddevnorm,https://doi.org/10.1109/TAFFC.2015.2457417,
egemaps_spectralfluxuv_sma3nz_amean,spectral,language_sensitive,connected_speech|sustained_vowel,,standard_feature_set,optional,egemaps_spectralfluxuv_sma3nz_amean,https://doi.org/10.1109/TAFFC.2015.2457417,
egemaps_spectralfluxv_sma3nz_amean,spectral,language_sensitive,connected_speech|sustained_vowel,,standard_feature_set,optional,egemaps_spectralfluxv_sma3nz_amean,https://doi.org/10.1109/TAFFC.2015.2457417,
egemaps_spectralfluxv_sma3nz_stddevnorm,spectral,language_sensitive,connected_speech|sustained_vowel,,standard_feature_set,optional,egemaps_spectralfluxv_sma3nz_stddevnorm,https://doi.org/10.1109/TAFFC.2015.2457417,
learned embeddings,spectral,language_sensitive,connected_speech,,single_study,deferred,,docs/research/neurodegenerative-speech-feature-sources.md,requires a trained model and a separately versioned validation contract
spectral_b1_mean_hz,spectral,language_sensitive,connected_speech|sustained_vowel,ad|als|ataxia|hd|mci|ms|msa|pd|psp,standard_feature_set,implemented,spectral_b1_mean_hz,SAY catalog v1,
spectral_b1_sd_hz,spectral,language_sensitive,connected_speech|sustained_vowel,ad|als|ataxia|hd|mci|ms|msa|pd|psp,standard_feature_set,implemented,spectral_b1_sd_hz,SAY catalog v1,
spectral_b2_mean_hz,spectral,language_sensitive,connected_speech|sustained_vowel,ad|als|ataxia|hd|mci|ms|msa|pd|psp,standard_feature_set,implemented,spectral_b2_mean_hz,SAY catalog v1,
spectral_b2_sd_hz,spectral,language_sensitive,connected_speech|sustained_vowel,ad|als|ataxia|hd|mci|ms|msa|pd|psp,standard_feature_set,implemented,spectral_b2_sd_hz,SAY catalog v1,
spectral_b3_mean_hz,spectral,language_sensitive,connected_speech|sustained_vowel,ad|als|ataxia|hd|mci|ms|msa|pd|psp,standard_feature_set,implemented,spectral_b3_mean_hz,SAY catalog v1,
spectral_b3_sd_hz,spectral,language_sensitive,connected_speech|sustained_vowel,ad|als|ataxia|hd|mci|ms|msa|pd|psp,standard_feature_set,implemented,spectral_b3_sd_hz,SAY catalog v1,
spectral_centroid_mean_hz,spectral,language_sensitive,connected_speech|sustained_vowel,ad|als|ataxia|hd|mci|ms|msa|pd|psp,standard_feature_set,implemented,spectral_centroid_mean_hz,SAY catalog v1,
spectral_centroid_sd_hz,spectral,language_sensitive,connected_speech|sustained_vowel,ad|als|ataxia|hd|mci|ms|msa|pd|psp,standard_feature_set,implemented,spectral_centroid_sd_hz,SAY catalog v1,
spectral_energy_mean_db,spectral,language_sensitive,connected_speech|sustained_vowel,ad|als|ataxia|hd|mci|ms|msa|pd|psp,standard_feature_set,implemented,spectral_energy_mean_db,Neurodegenerative speech feature expansion v1,
spectral_energy_sd_db,spectral,language_sensitive,connected_speech|sustained_vowel,ad|als|ataxia|hd|mci|ms|msa|pd|psp,standard_feature_set,implemented,spectral_energy_sd_db,Neurodegenerative speech feature expansion v1,
spectral_entropy_mean,spectral,language_sensitive,connected_speech|sustained_vowel,ad|als|ataxia|hd|mci|ms|msa|pd|psp,standard_feature_set,implemented,spectral_entropy_mean,SAY catalog v1,
spectral_entropy_sd,spectral,language_sensitive,connected_speech|sustained_vowel,ad|als|ataxia|hd|mci|ms|msa|pd|psp,standard_feature_set,implemented,spectral_entropy_sd,SAY catalog v1,
spectral_f1_mean_hz,spectral,language_sensitive,connected_speech|sustained_vowel,ad|als|ataxia|hd|mci|ms|msa|pd|psp,standard_feature_set,implemented,spectral_f1_mean_hz,SAY catalog v1,
spectral_f1_sd_hz,spectral,language_sensitive,connected_speech|sustained_vowel,ad|als|ataxia|hd|mci|ms|msa|pd|psp,standard_feature_set,implemented,spectral_f1_sd_hz,SAY catalog v1,
spectral_f2_mean_hz,spectral,language_sensitive,connected_speech|sustained_vowel,ad|als|ataxia|hd|mci|ms|msa|pd|psp,standard_feature_set,implemented,spectral_f2_mean_hz,SAY catalog v1,
spectral_f2_sd_hz,spectral,language_sensitive,connected_speech|sustained_vowel,ad|als|ataxia|hd|mci|ms|msa|pd|psp,standard_feature_set,implemented,spectral_f2_sd_hz,SAY catalog v1,
spectral_f3_mean_hz,spectral,language_sensitive,connected_speech|sustained_vowel,ad|als|ataxia|hd|mci|ms|msa|pd|psp,standard_feature_set,implemented,spectral_f3_mean_hz,SAY catalog v1,
spectral_f3_sd_hz,spectral,language_sensitive,connected_speech|sustained_vowel,ad|als|ataxia|hd|mci|ms|msa|pd|psp,standard_feature_set,implemented,spectral_f3_sd_hz,SAY catalog v1,
spectral_flatness_mean,spectral,language_sensitive,connected_speech|sustained_vowel,ad|als|ataxia|hd|mci|ms|msa|pd|psp,standard_feature_set,implemented,spectral_flatness_mean,SAY catalog v1,
spectral_flatness_sd,spectral,language_sensitive,connected_speech|sustained_vowel,ad|als|ataxia|hd|mci|ms|msa|pd|psp,standard_feature_set,implemented,spectral_flatness_sd,SAY catalog v1,
spectral_flux_mean,spectral,language_sensitive,connected_speech|sustained_vowel,ad|als|ataxia|hd|mci|ms|msa|pd|psp,standard_feature_set,implemented,spectral_flux_mean,SAY catalog v1,
spectral_flux_sd,spectral,language_sensitive,connected_speech|sustained_vowel,ad|als|ataxia|hd|mci|ms|msa|pd|psp,standard_feature_set,implemented,spectral_flux_sd,SAY catalog v1,
spectral_kurtosis_mean,spectral,language_sensitive,connected_speech|sustained_vowel,ad|als|ataxia|hd|mci|ms|msa|pd|psp,standard_feature_set,implemented,spectral_kurtosis_mean,Neurodegenerative speech feature expansion v1,
spectral_kurtosis_sd,spectral,language_sensitive,connected_speech|sustained_vowel,ad|als|ataxia|hd|mci|ms|msa|pd|psp,standard_feature_set,implemented,spectral_kurtosis_sd,Neurodegenerative speech feature expansion v1,
spectral_low_high_energy_ratio_db,spectral,language_sensitive,connected_speech|sustained_vowel,ad|als|ataxia|hd|mci|ms|msa|pd|psp,standard_feature_set,implemented,spectral_low_high_energy_ratio_db,Neurodegenerative speech feature expansion v1,
spectral_mfcc_10_kurtosis,spectral,language_sensitive,connected_speech|sustained_vowel,ad|als|ataxia|hd|mci|ms|msa|pd|psp,standard_feature_set,implemented,spectral_mfcc_10_kurtosis,Neurodegenerative speech feature expansion v1,
spectral_mfcc_10_mean,spectral,language_sensitive,connected_speech|sustained_vowel,ad|als|ataxia|hd|mci|ms|msa|pd|psp,standard_feature_set,implemented,spectral_mfcc_10_mean,Neurodegenerative speech feature expansion v1,
spectral_mfcc_10_sd,spectral,language_sensitive,connected_speech|sustained_vowel,ad|als|ataxia|hd|mci|ms|msa|pd|psp,standard_feature_set,implemented,spectral_mfcc_10_sd,Neurodegenerative speech feature expansion v1,
spectral_mfcc_10_skewness,spectral,language_sensitive,connected_speech|sustained_vowel,ad|als|ataxia|hd|mci|ms|msa|pd|psp,standard_feature_set,implemented,spectral_mfcc_10_skewness,Neurodegenerative speech feature expansion v1,
spectral_mfcc_11_kurtosis,spectral,language_sensitive,connected_speech|sustained_vowel,ad|als|ataxia|hd|mci|ms|msa|pd|psp,standard_feature_set,implemented,spectral_mfcc_11_kurtosis,Neurodegenerative speech feature expansion v1,
spectral_mfcc_11_mean,spectral,language_sensitive,connected_speech|sustained_vowel,ad|als|ataxia|hd|mci|ms|msa|pd|psp,standard_feature_set,implemented,spectral_mfcc_11_mean,Neurodegenerative speech feature expansion v1,
spectral_mfcc_11_sd,spectral,language_sensitive,connected_speech|sustained_vowel,ad|als|ataxia|hd|mci|ms|msa|pd|psp,standard_feature_set,implemented,spectral_mfcc_11_sd,Neurodegenerative speech feature expansion v1,
spectral_mfcc_11_skewness,spectral,language_sensitive,connected_speech|sustained_vowel,ad|als|ataxia|hd|mci|ms|msa|pd|psp,standard_feature_set,implemented,spectral_mfcc_11_skewness,Neurodegenerative speech feature expansion v1,
spectral_mfcc_12_kurtosis,spectral,language_sensitive,connected_speech|sustained_vowel,ad|als|ataxia|hd|mci|ms|msa|pd|psp,standard_feature_set,implemented,spectral_mfcc_12_kurtosis,Neurodegenerative speech feature expansion v1,
spectral_mfcc_12_mean,spectral,language_sensitive,connected_speech|sustained_vowel,ad|als|ataxia|hd|mci|ms|msa|pd|psp,standard_feature_set,implemented,spectral_mfcc_12_mean,Neurodegenerative speech feature expansion v1,
spectral_mfcc_12_sd,spectral,language_sensitive,connected_speech|sustained_vowel,ad|als|ataxia|hd|mci|ms|msa|pd|psp,standard_feature_set,implemented,spectral_mfcc_12_sd,Neurodegenerative speech feature expansion v1,
spectral_mfcc_12_skewness,spectral,language_sensitive,connected_speech|sustained_vowel,ad|als|ataxia|hd|mci|ms|msa|pd|psp,standard_feature_set,implemented,spectral_mfcc_12_skewness,Neurodegenerative speech feature expansion v1,
spectral_mfcc_13_kurtosis,spectral,language_sensitive,connected_speech|sustained_vowel,ad|als|ataxia|hd|mci|ms|msa|pd|psp,standard_feature_set,implemented,spectral_mfcc_13_kurtosis,Neurodegenerative speech feature expansion v1,
spectral_mfcc_13_mean,spectral,language_sensitive,connected_speech|sustained_vowel,ad|als|ataxia|hd|mci|ms|msa|pd|psp,standard_feature_set,implemented,spectral_mfcc_13_mean,Neurodegenerative speech feature expansion v1,
spectral_mfcc_13_sd,spectral,language_sensitive,connected_speech|sustained_vowel,ad|als|ataxia|hd|mci|ms|msa|pd|psp,standard_feature_set,implemented,spectral_mfcc_13_sd,Neurodegenerative speech feature expansion v1,
spectral_mfcc_13_skewness,spectral,language_sensitive,connected_speech|sustained_vowel,ad|als|ataxia|hd|mci|ms|msa|pd|psp,standard_feature_set,implemented,spectral_mfcc_13_skewness,Neurodegenerative speech feature expansion v1,
spectral_mfcc_1_kurtosis,spectral,language_sensitive,connected_speech|sustained_vowel,ad|als|ataxia|hd|mci|ms|msa|pd|psp,standard_feature_set,implemented,spectral_mfcc_1_kurtosis,Neurodegenerative speech feature expansion v1,
spectral_mfcc_1_mean,spectral,language_sensitive,connected_speech|sustained_vowel,ad|als|ataxia|hd|mci|ms|msa|pd|psp,standard_feature_set,implemented,spectral_mfcc_1_mean,Neurodegenerative speech feature expansion v1,
spectral_mfcc_1_sd,spectral,language_sensitive,connected_speech|sustained_vowel,ad|als|ataxia|hd|mci|ms|msa|pd|psp,standard_feature_set,implemented,spectral_mfcc_1_sd,Neurodegenerative speech feature expansion v1,
spectral_mfcc_1_skewness,spectral,language_sensitive,connected_speech|sustained_vowel,ad|als|ataxia|hd|mci|ms|msa|pd|psp,standard_feature_set,implemented,spectral_mfcc_1_skewness,Neurodegenerative speech feature expansion v1,
spectral_mfcc_2_kurtosis,spectral,language_sensitive,connected_speech|sustained_vowel,ad|als|ataxia|hd|mci|ms|msa|pd|psp,standard_feature_set,implemented,spectral_mfcc_2_kurtosis,Neurodegenerative speech feature expansion v1,
spectral_mfcc_2_mean,spectral,language_sensitive,connected_speech|sustained_vowel,ad|als|ataxia|hd|mci|ms|msa|pd|psp,standard_feature_set,implemented,spectral_mfcc_2_mean,Neurodegenerative speech feature expansion v1,
spectral_mfcc_2_sd,spectral,language_sensitive,connected_speech|sustained_vowel,ad|als|ataxia|hd|mci|ms|msa|pd|psp,standard_feature_set,implemented,spectral_mfcc_2_sd,Neurodegenerative speech feature expansion v1,
spectral_mfcc_2_skewness,spectral,language_sensitive,connected_speech|sustained_vowel,ad|als|ataxia|hd|mci|ms|msa|pd|psp,standard_feature_set,implemented,spectral_mfcc_2_skewness,Neurodegenerative speech feature expansion v1,
spectral_mfcc_3_kurtosis,spectral,language_sensitive,connected_speech|sustained_vowel,ad|als|ataxia|hd|mci|ms|msa|pd|psp,standard_feature_set,implemented,spectral_mfcc_3_kurtosis,Neurodegenerative speech feature expansion v1,
spectral_mfcc_3_mean,spectral,language_sensitive,connected_speech|sustained_vowel,ad|als|ataxia|hd|mci|ms|msa|pd|psp,standard_feature_set,implemented,spectral_mfcc_3_mean,Neurodegenerative speech feature expansion v1,
spectral_mfcc_3_sd,spectral,language_sensitive,connected_speech|sustained_vowel,ad|als|ataxia|hd|mci|ms|msa|pd|psp,standard_feature_set,implemented,spectral_mfcc_3_sd,Neurodegenerative speech feature expansion v1,
spectral_mfcc_3_skewness,spectral,language_sensitive,connected_speech|sustained_vowel,ad|als|ataxia|hd|mci|ms|msa|pd|psp,standard_feature_set,implemented,spectral_mfcc_3_skewness,Neurodegenerative speech feature expansion v1,
spectral_mfcc_4_kurtosis,spectral,language_sensitive,connected_speech|sustained_vowel,ad|als|ataxia|hd|mci|ms|msa|pd|psp,standard_feature_set,implemented,spectral_mfcc_4_kurtosis,Neurodegenerative speech feature expansion v1,
spectral_mfcc_4_mean,spectral,language_sensitive,connected_speech|sustained_vowel,ad|als|ataxia|hd|mci|ms|msa|pd|psp,standard_feature_set,implemented,spectral_mfcc_4_mean,Neurodegenerative speech feature expansion v1,
spectral_mfcc_4_sd,spectral,language_sensitive,connected_speech|sustained_vowel,ad|als|ataxia|hd|mci|ms|msa|pd|psp,standard_feature_set,implemented,spectral_mfcc_4_sd,Neurodegenerative speech feature expansion v1,
spectral_mfcc_4_skewness,spectral,language_sensitive,connected_speech|sustained_vowel,ad|als|ataxia|hd|mci|ms|msa|pd|psp,standard_feature_set,implemented,spectral_mfcc_4_skewness,Neurodegenerative speech feature expansion v1,
spectral_mfcc_5_kurtosis,spectral,language_sensitive,connected_speech|sustained_vowel,ad|als|ataxia|hd|mci|ms|msa|pd|psp,standard_feature_set,implemented,spectral_mfcc_5_kurtosis,Neurodegenerative speech feature expansion v1,
spectral_mfcc_5_mean,spectral,language_sensitive,connected_speech|sustained_vowel,ad|als|ataxia|hd|mci|ms|msa|pd|psp,standard_feature_set,implemented,spectral_mfcc_5_mean,Neurodegenerative speech feature expansion v1,
spectral_mfcc_5_sd,spectral,language_sensitive,connected_speech|sustained_vowel,ad|als|ataxia|hd|mci|ms|msa|pd|psp,standard_feature_set,implemented,spectral_mfcc_5_sd,Neurodegenerative speech feature expansion v1,
spectral_mfcc_5_skewness,spectral,language_sensitive,connected_speech|sustained_vowel,ad|als|ataxia|hd|mci|ms|msa|pd|psp,standard_feature_set,implemented,spectral_mfcc_5_skewness,Neurodegenerative speech feature expansion v1,
spectral_mfcc_6_kurtosis,spectral,language_sensitive,connected_speech|sustained_vowel,ad|als|ataxia|hd|mci|ms|msa|pd|psp,standard_feature_set,implemented,spectral_mfcc_6_kurtosis,Neurodegenerative speech feature expansion v1,
spectral_mfcc_6_mean,spectral,language_sensitive,connected_speech|sustained_vowel,ad|als|ataxia|hd|mci|ms|msa|pd|psp,standard_feature_set,implemented,spectral_mfcc_6_mean,Neurodegenerative speech feature expansion v1,
spectral_mfcc_6_sd,spectral,language_sensitive,connected_speech|sustained_vowel,ad|als|ataxia|hd|mci|ms|msa|pd|psp,standard_feature_set,implemented,spectral_mfcc_6_sd,Neurodegenerative speech feature expansion v1,
spectral_mfcc_6_skewness,spectral,language_sensitive,connected_speech|sustained_vowel,ad|als|ataxia|hd|mci|ms|msa|pd|psp,standard_feature_set,implemented,spectral_mfcc_6_skewness,Neurodegenerative speech feature expansion v1,
spectral_mfcc_7_kurtosis,spectral,language_sensitive,connected_speech|sustained_vowel,ad|als|ataxia|hd|mci|ms|msa|pd|psp,standard_feature_set,implemented,spectral_mfcc_7_kurtosis,Neurodegenerative speech feature expansion v1,
spectral_mfcc_7_mean,spectral,language_sensitive,connected_speech|sustained_vowel,ad|als|ataxia|hd|mci|ms|msa|pd|psp,standard_feature_set,implemented,spectral_mfcc_7_mean,Neurodegenerative speech feature expansion v1,
spectral_mfcc_7_sd,spectral,language_sensitive,connected_speech|sustained_vowel,ad|als|ataxia|hd|mci|ms|msa|pd|psp,standard_feature_set,implemented,spectral_mfcc_7_sd,Neurodegenerative speech feature expansion v1,
spectral_mfcc_7_skewness,spectral,language_sensitive,connected_speech|sustained_vowel,ad|als|ataxia|hd|mci|ms|msa|pd|psp,standard_feature_set,implemented,spectral_mfcc_7_skewness,Neurodegenerative speech feature expansion v1,
spectral_mfcc_8_kurtosis,spectral,language_sensitive,connected_speech|sustained_vowel,ad|als|ataxia|hd|mci|ms|msa|pd|psp,standard_feature_set,implemented,spectral_mfcc_8_kurtosis,Neurodegenerative speech feature expansion v1,
spectral_mfcc_8_mean,spectral,language_sensitive,connected_speech|sustained_vowel,ad|als|ataxia|hd|mci|ms|msa|pd|psp,standard_feature_set,implemented,spectral_mfcc_8_mean,Neurodegenerative speech feature expansion v1,
spectral_mfcc_8_sd,spectral,language_sensitive,connected_speech|sustained_vowel,ad|als|ataxia|hd|mci|ms|msa|pd|psp,standard_feature_set,implemented,spectral_mfcc_8_sd,Neurodegenerative speech feature expansion v1,
spectral_mfcc_8_skewness,spectral,language_sensitive,connected_speech|sustained_vowel,ad|als|ataxia|hd|mci|ms|msa|pd|psp,standard_feature_set,implemented,spectral_mfcc_8_skewness,Neurodegenerative speech feature expansion v1,
spectral_mfcc_9_kurtosis,spectral,language_sensitive,connected_speech|sustained_vowel,ad|als|ataxia|hd|mci|ms|msa|pd|psp,standard_feature_set,implemented,spectral_mfcc_9_kurtosis,Neurodegenerative speech feature expansion v1,
spectral_mfcc_9_mean,spectral,language_sensitive,connected_speech|sustained_vowel,ad|als|ataxia|hd|mci|ms|msa|pd|psp,standard_feature_set,implemented,spectral_mfcc_9_mean,Neurodegenerative speech feature expansion v1,
spectral_mfcc_9_sd,spectral,language_sensitive,connected_speech|sustained_vowel,ad|als|ataxia|hd|mci|ms|msa|pd|psp,standard_feature_set,implemented,spectral_mfcc_9_sd,Neurodegenerative speech feature expansion v1,
spectral_mfcc_9_skewness,spectral,language_sensitive,connected_speech|sustained_vowel,ad|als|ataxia|hd|mci|ms|msa|pd|psp,standard_feature_set,implemented,spectral_mfcc_9_skewness,Neurodegenerative speech feature expansion v1,
spectral_rolloff_85_mean_hz,spectral,language_sensitive,connected_speech|sustained_vowel,ad|als|ataxia|hd|mci|ms|msa|pd|psp,standard_feature_set,implemented,spectral_rolloff_85_mean_hz,SAY catalog v1,
spectral_rolloff_85_sd_hz,spectral,language_sensitive,connected_speech|sustained_vowel,ad|als|ataxia|hd|mci|ms|msa|pd|psp,standard_feature_set,implemented,spectral_rolloff_85_sd_hz,SAY catalog v1,
spectral_skewness_mean,spectral,language_sensitive,connected_speech|sustained_vowel,ad|als|ataxia|hd|mci|ms|msa|pd|psp,standard_feature_set,implemented,spectral_skewness_mean,Neurodegenerative speech feature expansion v1,
spectral_skewness_sd,spectral,language_sensitive,connected_speech|sustained_vowel,ad|als|ataxia|hd|mci|ms|msa|pd|psp,standard_feature_set,implemented,spectral_skewness_sd,Neurodegenerative speech feature expansion v1,
spectral_slope_mean_db_per_hz,spectral,language_sensitive,connected_speech|sustained_vowel,ad|als|ataxia|hd|mci|ms|msa|pd|psp,standard_feature_set,implemented,spectral_slope_mean_db_per_hz,SAY catalog v1,
spectral_slope_sd_db_per_hz,spectral,language_sensitive,connected_speech|sustained_vowel,ad|als|ataxia|hd|mci|ms|msa|pd|psp,standard_feature_set,implemented,spectral_slope_sd_db_per_hz,SAY catalog v1,
spectral_spread_mean_hz,spectral,language_sensitive,connected_speech|sustained_vowel,ad|als|ataxia|hd|mci|ms|msa|pd|psp,standard_feature_set,implemented,spectral_spread_mean_hz,SAY catalog v1,
spectral_spread_sd_hz,spectral,language_sensitive,connected_speech|sustained_vowel,ad|als|ataxia|hd|mci|ms|msa|pd|psp,standard_feature_set,implemented,spectral_spread_sd_hz,SAY catalog v1,
task_ddk_acceleration_syllables_s2,task,language_independent,ddk,als|ataxia|cbs|hd|mnd|ms|msa|pd|pdd|psp,derived_companion,implemented,task_ddk_acceleration_syllables_s2,Neurodegenerative speech feature expansion v1,
task_ddk_decay_ratio,task,language_independent,ddk,als|ataxia|cbs|hd|mnd|ms|msa|pd|pdd|psp,derived_companion,implemented,task_ddk_decay_ratio,Neurodegenerative speech feature expansion v1,
task_ddk_instability_s,task,language_independent,ddk,als|ataxia|cbs|hd|mnd|ms|msa|pd|pdd|psp,derived_companion,implemented,task_ddk_instability_s,Neurodegenerative speech feature expansion v1,
task_ddk_inter_onset_cv,task,language_independent,ddk,als|ataxia|cbs|hd|mnd|ms|msa|pd|pdd|psp,derived_companion,implemented,task_ddk_inter_onset_cv,Neurodegenerative speech feature expansion v1,
task_ddk_inter_onset_mean_s,task,language_independent,ddk,als|ataxia|cbs|hd|mnd|ms|msa|pd|pdd|psp,derived_companion,implemented,task_ddk_inter_onset_mean_s,Neurodegenerative speech feature expansion v1,
task_ddk_inter_onset_median_s,task,language_independent,ddk,als|ataxia|cbs|hd|mnd|ms|msa|pd|pdd|psp,derived_companion,implemented,task_ddk_inter_onset_median_s,Neurodegenerative speech feature expansion v1,
task_ddk_inter_onset_sd_s,task,language_independent,ddk,als|ataxia|cbs|hd|mnd|ms|msa|pd|pdd|psp,derived_companion,implemented,task_ddk_inter_onset_sd_s,Neurodegenerative speech feature expansion v1,
task_ddk_rate_syllables_s,task,language_independent,ddk,als|ataxia|cbs|hd|mnd|ms|msa|pd|pdd|psp,derived_companion,implemented,task_ddk_rate_syllables_s,Neurodegenerative speech feature expansion v1,
task_ddk_sequential_alternating_ratio,task,language_independent,ddk,als|ataxia|cbs|hd|mnd|ms|msa|pd|pdd|psp,derived_companion,implemented,task_ddk_sequential_alternating_ratio,Neurodegenerative speech feature expansion v1,
task_ddk_voiced_interval_mean_s,task,language_independent,ddk,als|ataxia|cbs|hd|mnd|ms|msa|pd|pdd|psp,derived_companion,implemented,task_ddk_voiced_interval_mean_s,Neurodegenerative speech feature expansion v1,
task_fluency_cluster_size_mean,task,language_sensitive,phonemic_fluency|semantic_fluency,,derived_companion,implemented,task_fluency_cluster_size_mean,SAY catalog v1,
task_fluency_clusters,task,language_sensitive,phonemic_fluency|semantic_fluency,,derived_companion,implemented,task_fluency_clusters,SAY catalog v1,
task_fluency_first_half_valid,task,language_sensitive,phonemic_fluency|semantic_fluency,,derived_companion,implemented,task_fluency_first_half_valid,SAY catalog v1,
task_fluency_intrusions,task,language_sensitive,phonemic_fluency|semantic_fluency,,derived_companion,implemented,task_fluency_intrusions,SAY catalog v1,
task_fluency_production_change,task,language_sensitive,phonemic_fluency|semantic_fluency,,derived_companion,implemented,task_fluency_production_change,SAY catalog v1,
task_fluency_rate,task,language_sensitive,phonemic_fluency|semantic_fluency,,derived_companion,implemented,task_fluency_rate,SAY catalog v1,
task_fluency_repeats,task,language_sensitive,phonemic_fluency|semantic_fluency,,derived_companion,implemented,task_fluency_repeats,SAY catalog v1,
task_fluency_response_count,task,language_sensitive,phonemic_fluency|semantic_fluency,,derived_companion,implemented,task_fluency_response_count,SAY catalog v1,
task_fluency_second_half_valid,task,language_sensitive,phonemic_fluency|semantic_fluency,,derived_companion,implemented,task_fluency_second_half_valid,SAY catalog v1,
task_fluency_switches,task,language_sensitive,phonemic_fluency|semantic_fluency,,derived_companion,implemented,task_fluency_switches,SAY catalog v1,
task_fluency_valid_count,task,language_sensitive,phonemic_fluency|semantic_fluency,,derived_companion,implemented,task_fluency_valid_count,SAY catalog v1,
task_fluency_valid_unique,task,language_sensitive,phonemic_fluency|semantic_fluency,,derived_companion,implemented,task_fluency_valid_unique,SAY catalog v1,
task_max_phonation_time_s,task,language_independent,sustained_vowel,als|ataxia|cbs|hd|mnd|ms|msa|pd|pdd|psp,derived_companion,implemented,task_max_phonation_time_s,Neurodegenerative speech feature expansion v1,
task_picture_action_coverage,task,language_sensitive,picture_description,,derived_companion,implemented,task_picture_action_coverage,SAY catalog v1,
task_picture_concept_coverage,task,language_sensitive,picture_description,,derived_companion,implemented,task_picture_concept_coverage,SAY catalog v1,
task_picture_concept_density,task,language_sensitive,picture_description,,derived_companion,implemented,task_picture_concept_density,SAY catalog v1,
task_picture_entity_coverage,task,language_sensitive,picture_description,,derived_companion,implemented,task_picture_entity_coverage,SAY catalog v1,
task_picture_repeat_ratio,task,language_sensitive,picture_description,,derived_companion,implemented,task_picture_repeat_ratio,SAY catalog v1,
task_recall_idea_coverage,task,language_sensitive,story_recall,,derived_companion,implemented,task_recall_idea_coverage,SAY catalog v1,
task_recall_idea_density,task,language_sensitive,story_recall,,derived_companion,implemented,task_recall_idea_density,SAY catalog v1,
task_recall_order_score,task,language_sensitive,story_recall,,derived_companion,implemented,task_recall_order_score,SAY catalog v1,
task_recall_repeat_ratio,task,language_sensitive,story_recall,,derived_companion,implemented,task_recall_repeat_ratio,SAY catalog v1,
egemaps_meanunvoicedsegmentlength,timing,language_sensitive,connected_speech|sustained_vowel,,standard_feature_set,optional,egemaps_meanunvoicedsegmentlength,https://doi.org/10.1109/TAFFC.2015.2457417,
egemaps_meanvoicedsegmentlengthsec,timing,language_sensitive,connected_speech|sustained_vowel,,standard_feature_set,optional,egemaps_meanvoicedsegmentlengthsec,https://doi.org/10.1109/TAFFC.2015.2457417,
egemaps_stddevunvoicedsegmentlength,timing,language_sensitive,connected_speech|sustained_vowel,,standard_feature_set,optional,egemaps_stddevunvoicedsegmentlength,https://doi.org/10.1109/TAFFC.2015.2457417,
egemaps_stddevvoicedsegmentlengthsec,timing,language_sensitive,connected_speech|sustained_vowel,,standard_feature_set,optional,egemaps_stddevvoicedsegmentlengthsec,https://doi.org/10.1109/TAFFC.2015.2457417,
egemaps_voicedsegmentspersec,timing,language_sensitive,connected_speech|sustained_vowel,,standard_feature_set,optional,egemaps_voicedsegmentspersec,https://doi.org/10.1109/TAFFC.2015.2457417,
time_articulation_rate_syllables_per_s,timing,language_independent,connected_speech,ad|als|ataxia|cbs|dlb|ftd|hd|mci|mnd|ms|msa|pd|pdd|ppa|psp,derived_companion,implemented,time_articulation_rate_syllables_per_s,SAY catalog v1,
time_between_utterance_pause_proportion,timing,language_independent,connected_speech,ad|als|ataxia|cbs|dlb|ftd|hd|mci|mnd|ms|msa|pd|pdd|ppa|psp,derived_companion,implemented,time_between_utterance_pause_proportion,Neurodegenerative speech feature expansion v1,
time_long_pause_count,timing,language_independent,connected_speech,ad|als|ataxia|cbs|dlb|ftd|hd|mci|mnd|ms|msa|pd|pdd|ppa|psp,derived_companion,implemented,time_long_pause_count,SAY catalog v1,
time_max_local_speech_rate_wpm,timing,language_independent,connected_speech,ad|als|ataxia|cbs|dlb|ftd|hd|mci|mnd|ms|msa|pd|pdd|ppa|psp,derived_companion,implemented,time_max_local_speech_rate_wpm,Neurodegenerative speech feature expansion v1,
time_overlap_s,timing,language_independent,connected_speech,ad|als|ataxia|cbs|dlb|ftd|hd|mci|mnd|ms|msa|pd|pdd|ppa|psp,derived_companion,implemented,time_overlap_s,SAY catalog v1,
time_pause_count,timing,language_independent,connected_speech,ad|als|ataxia|cbs|dlb|ftd|hd|mci|mnd|ms|msa|pd|pdd|ppa|psp,derived_companion,implemented,time_pause_count,SAY catalog v1,
time_pause_cv,timing,language_independent,connected_speech,ad|als|ataxia|cbs|dlb|ftd|hd|mci|mnd|ms|msa|pd|pdd|ppa|psp,derived_companion,implemented,time_pause_cv,Neurodegenerative speech feature expansion v1,
time_pause_iqr_s,timing,language_independent,connected_speech,ad|als|ataxia|cbs|dlb|ftd|hd|mci|mnd|ms|msa|pd|pdd|ppa|psp,derived_companion,implemented,time_pause_iqr_s,Neurodegenerative speech feature expansion v1,
time_pause_max_s,timing,language_independent,connected_speech,ad|als|ataxia|cbs|dlb|ftd|hd|mci|mnd|ms|msa|pd|pdd|ppa|psp,derived_companion,implemented,time_pause_max_s,SAY catalog v1,
time_pause_mean_s,timing,language_independent,connected_speech,ad|als|ataxia|cbs|dlb|ftd|hd|mci|mnd|ms|msa|pd|pdd|ppa|psp,derived_companion,implemented,time_pause_mean_s,SAY catalog v1,
time_pause_median_s,timing,language_independent,connected_speech,ad|als|ataxia|cbs|dlb|ftd|hd|mci|mnd|ms|msa|pd|pdd|ppa|psp,derived_companion,implemented,time_pause_median_s,Neurodegenerative speech feature expansion v1,
time_pause_proportion,timing,language_independent,connected_speech,ad|als|ataxia|cbs|dlb|ftd|hd|mci|mnd|ms|msa|pd|pdd|ppa|psp,derived_companion,implemented,time_pause_proportion,Neurodegenerative speech feature expansion v1,
time_pause_rate_per_min,timing,language_independent,connected_speech,ad|als|ataxia|cbs|dlb|ftd|hd|mci|mnd|ms|msa|pd|pdd|ppa|psp,derived_companion,implemented,time_pause_rate_per_min,SAY catalog v1,
time_pause_sd_s,timing,language_independent,connected_speech,ad|als|ataxia|cbs|dlb|ftd|hd|mci|mnd|ms|msa|pd|pdd|ppa|psp,derived_companion,implemented,time_pause_sd_s,SAY catalog v1,
time_pause_total_s,timing,language_independent,connected_speech,ad|als|ataxia|cbs|dlb|ftd|hd|mci|mnd|ms|msa|pd|pdd|ppa|psp,derived_companion,implemented,time_pause_total_s,Neurodegenerative speech feature expansion v1,
time_response_latency_s,timing,language_independent,connected_speech,ad|als|ataxia|cbs|dlb|ftd|hd|mci|mnd|ms|msa|pd|pdd|ppa|psp,derived_companion,implemented,time_response_latency_s,SAY catalog v1,
time_speech_ratio,timing,language_independent,connected_speech,ad|als|ataxia|cbs|dlb|ftd|hd|mci|mnd|ms|msa|pd|pdd|ppa|psp,derived_companion,implemented,time_speech_ratio,SAY catalog v1,
time_speech_s,timing,language_independent,connected_speech,ad|als|ataxia|cbs|dlb|ftd|hd|mci|mnd|ms|msa|pd|pdd|ppa|psp,derived_companion,implemented,time_speech_s,SAY catalog v1,
time_speech_segment_count,timing,language_independent,connected_speech,ad|als|ataxia|cbs|dlb|ftd|hd|mci|mnd|ms|msa|pd|pdd|ppa|psp,derived_companion,implemented,time_speech_segment_count,Neurodegenerative speech feature expansion v1,
time_speech_segment_cv,timing,language_independent,connected_speech,ad|als|ataxia|cbs|dlb|ftd|hd|mci|mnd|ms|msa|pd|pdd|ppa|psp,derived_companion,implemented,time_speech_segment_cv,Neurodegenerative speech feature expansion v1,
time_speech_segment_iqr_s,timing,language_independent,connected_speech,ad|als|ataxia|cbs|dlb|ftd|hd|mci|mnd|ms|msa|pd|pdd|ppa|psp,derived_companion,implemented,time_speech_segment_iqr_s,Neurodegenerative speech feature expansion v1,
time_speech_segment_max_s,timing,language_independent,connected_speech,ad|als|ataxia|cbs|dlb|ftd|hd|mci|mnd|ms|msa|pd|pdd|ppa|psp,derived_companion,implemented,time_speech_segment_max_s,Neurodegenerative speech feature expansion v1,
time_speech_segment_median_s,timing,language_independent,connected_speech,ad|als|ataxia|cbs|dlb|ftd|hd|mci|mnd|ms|msa|pd|pdd|ppa|psp,derived_companion,implemented,time_speech_segment_median_s,Neurodegenerative speech feature expansion v1,
time_speech_segment_rate_per_min,timing,language_independent,connected_speech,ad|als|ataxia|cbs|dlb|ftd|hd|mci|mnd|ms|msa|pd|pdd|ppa|psp,derived_companion,implemented,time_speech_segment_rate_per_min,Neurodegenerative speech feature expansion v1,
time_syllable_duration_cv,timing,language_independent,connected_speech,ad|als|ataxia|cbs|dlb|ftd|hd|mci|mnd|ms|msa|pd|pdd|ppa|psp,derived_companion,implemented,time_syllable_duration_cv,SAY catalog v1,
time_syllable_duration_mean_s,timing,language_independent,connected_speech,ad|als|ataxia|cbs|dlb|ftd|hd|mci|mnd|ms|msa|pd|pdd|ppa|psp,derived_companion,implemented,time_syllable_duration_mean_s,SAY catalog v1,
time_syllable_duration_npvi,timing,language_independent,connected_speech,ad|als|ataxia|cbs|dlb|ftd|hd|mci|mnd|ms|msa|pd|pdd|ppa|psp,derived_companion,implemented,time_syllable_duration_npvi,SAY catalog v1,
time_syllable_duration_sd_s,timing,language_independent,connected_speech,ad|als|ataxia|cbs|dlb|ftd|hd|mci|mnd|ms|msa|pd|pdd|ppa|psp,derived_companion,implemented,time_syllable_duration_sd_s,SAY catalog v1,
time_syllables_per_min,timing,language_independent,connected_speech,ad|als|ataxia|cbs|dlb|ftd|hd|mci|mnd|ms|msa|pd|pdd|ppa|psp,derived_companion,implemented,time_syllables_per_min,SAY catalog v1,
time_timing_acceleration_per_min2,timing,language_independent,connected_speech,ad|als|ataxia|cbs|dlb|ftd|hd|mci|mnd|ms|msa|pd|pdd|ppa|psp,derived_companion,implemented,time_timing_acceleration_per_min2,Neurodegenerative speech feature expansion v1,
time_timing_event_entropy,timing,language_independent,connected_speech,ad|als|ataxia|cbs|dlb|ftd|hd|mci|mnd|ms|msa|pd|pdd|ppa|psp,derived_companion,implemented,time_timing_event_entropy,Neurodegenerative speech feature expansion v1,
time_timing_event_rate_per_min,timing,language_independent,connected_speech,ad|als|ataxia|cbs|dlb|ftd|hd|mci|mnd|ms|msa|pd|pdd|ppa|psp,derived_companion,implemented,time_timing_event_rate_per_min,Neurodegenerative speech feature expansion v1,
time_voiced_segment_mean_s,timing,language_independent,connected_speech,ad|als|ataxia|cbs|dlb|ftd|hd|mci|mnd|ms|msa|pd|pdd|ppa|psp,derived_companion,implemented,time_voiced_segment_mean_s,SAY catalog v1,
time_voiced_segment_sd_s,timing,language_independent,connected_speech,ad|als|ataxia|cbs|dlb|ftd|hd|mci|mnd|ms|msa|pd|pdd|ppa|psp,derived_companion,implemented,time_voiced_segment_sd_s,SAY catalog v1,
time_words_per_min,timing,language_independent,connected_speech,ad|als|ataxia|cbs|dlb|ftd|hd|mci|mnd|ms|msa|pd|pdd|ppa|psp,derived_companion,implemented,time_words_per_min,SAY catalog v1,
